Time (seconds),CO2 (ppm)
1,512
2,512
3,512
4,512
5,512
6,512
7,500
8,500
9,500
10,500
11,500
12,500
13,500
14,500
15,500
16,500
17,500
18,500
19,500
20,500
21,500
22,500
23,500
24,500
25,500
26,500
27,500
28,500
29,500
30,500
31,500
32,500
33,500
34,500
35,500
36,500
37,500
38,500
39,500
40,500
41,500
42,500
43,500
44,500
45,500
46,500
47,500
48,500
49,500
50,500
51,500
52,500
53,500
54,500
55,500
56,500
57,500
58,500
59,500
60,500
61,500
62,500
63,500
64,500
65,500
66,500
67,500
68,500
69,500
70,500
71,500
72,500
73,500
74,500
75,500
76,500
77,500
78,500
79,500
80,500
81,500
82,500
83,500
84,500
85,500
86,500
87,500
88,500
89,500
90,500
91,500
92,500
93,500
94,500
95,500
96,500
97,500
98,500
99,500
100,500
101,500
102,500
103,500
104,500
105,500
106,500
107,500
108,500
109,500
110,500
111,500
112,500
113,500
114,500
115,500
116,500
117,500
118,500
119,500
120,402
121,402
122,401
123,401
124,401
125,403
126,404
127,400
128,400
129,400
130,402
131,402
132,402
133,401
134,400
135,404
136,402
137,402
138,402
139,400
140,404
141,400
142,402
143,402
144,401
145,404
146,402
147,402
148,402
149,401
150,402
151,402
152,403
153,403
154,404
155,405
156,406
157,407
158,408
159,417
160,424
161,438
162,446
163,454
164,461
165,467
166,471
167,475
168,475
169,475
170,476
171,476
172,476
173,477
174,477
175,429
176,402
177,400
178,401
179,401
180,401
181,403
182,403
183,401
184,402
185,403
186,404
187,401
188,404
189,402
190,403
191,400
192,403
193,400
194,400
195,404
196,403
197,403
198,403
199,401
200,402
201,400
202,401
203,403
204,400
205,404
206,402
207,400
208,401
209,401
210,403
211,400
212,404
213,402
214,403
215,400
216,403
217,400
218,403
219,403
220,404
221,404
222,402
223,400
224,400
225,402
226,402
227,404
228,401
229,401
230,402
231,402
232,401
233,401
234,400
235,404
236,402
237,402
238,400
239,401
240,401
241,404
242,402
243,404
244,401
245,400
246,402
247,403
248,401
249,403
250,400
251,404
252,401
253,403
254,404
255,403
256,401
257,402
258,400
259,402
260,404
261,403
262,401
263,404
264,402
265,402
266,403
267,401
268,400
269,402
270,403
271,401
272,401
273,400
274,403
275,402
276,404
277,404
278,400
279,403
280,401
281,404
282,402
283,404
284,402
285,404
286,404
287,400
288,400
289,400
290,401
291,401
292,404
293,401
294,400
295,404
296,401
297,401
298,401
299,401
300,401
301,402
302,401
303,404
304,403
305,402
306,402
307,404
308,401
309,401
310,404
311,402
312,404
313,402
314,400
315,402
316,400
317,403
318,400
319,402
320,403
321,403
322,400
323,404
324,404
325,402
326,404
327,402
328,400
329,403
330,401
331,404
332,401
333,402
334,404
335,404
336,404
337,404
338,404
339,403
340,401
341,404
342,402
343,401
344,403
345,400
346,400
347,403
348,400
349,404
350,401
351,403
352,400
353,401
354,402
355,400
356,400
357,402
358,403
359,403
360,402
361,404
362,401
363,404
364,401
365,401
366,403
367,400
368,401
369,404
370,401
371,402
372,403
373,401
374,404
375,400
376,402
377,402
378,404
379,400
380,400
381,402
382,404
383,400
384,401
385,404
386,402
387,403
388,401
389,400
390,401
391,404
392,404
393,403
394,404
395,403
396,401
397,403
398,403
399,403
400,402
401,404
402,403
403,402
404,403
405,402
406,404
407,403
408,402
409,400
410,404
411,404
412,401
413,402
414,402
415,402
416,404
417,404
418,402
419,408
420,408
421,408
422,408
423,408
424,408
425,408
426,407
427,406
428,403
429,403
430,409
431,439
432,512
433,874
434,1469
435,1791
436,1945
437,2000
438,2000
439,2000
440,2000
441,2000
442,2000
443,2000
444,2000
445,2000
446,2000
447,2000
448,2000
449,2000
450,2000
451,2000
452,1859
453,1653
454,1479
455,1414
456,1371
457,1356
458,1354
459,1354
460,1354
461,1353
462,1347
463,1311
464,1241
465,1148
466,1064
467,1000
468,978
469,975
470,973
471,973
472,973
473,970
474,958
475,924
476,894
477,857
478,817
479,810
480,809
481,809
482,809
483,808
484,800
485,773
486,735
487,705
488,687
489,684
490,684
491,684
492,684
493,683
494,678
495,659
496,633
497,610
498,592
499,583
500,582
501,583
502,587
503,591
504,590
505,588
506,581
507,564
508,537
509,511
510,499
511,488
512,486
513,490
514,499
515,510
516,510
517,507
518,502
519,494
520,481
521,474
522,465
523,461
524,460
525,465
526,465
527,465
528,479
529,490
530,495
531,494
532,495
533,487
534,455
535,421
536,414
537,411
538,411
539,428
540,468
541,488
542,495
543,500
544,500
545,489
546,436
547,408
548,406
549,405
550,404
551,412
552,467
553,501
554,509
555,514
556,507
557,451
558,407
559,402
560,400
561,402
562,404
563,401
564,404
565,439
566,495
567,515
568,517
569,516
570,512
571,506
572,475
573,431
574,405
575,402
576,402
577,402
578,402
579,403
580,404
581,407
582,417
583,446
584,452
585,453
586,452
587,450
588,446
589,440
590,434
591,426
592,418
593,411
594,409
595,408
596,407
597,409
598,445
599,476
600,502
601,518
602,525
603,530
604,532
605,533
606,533
607,514
608,490
609,465
610,450
611,443
612,439
613,437
614,436
615,436
616,436
617,451
618,474
619,488
620,496
621,501
622,505
623,507
624,507
625,507
626,507
627,507
628,501
629,485
630,470
631,464
632,460
633,458
634,457
635,457
636,457
637,458
638,466
639,471
640,477
641,482
642,486
643,485
644,477
645,457
646,435
647,414
648,408
649,406
650,405
651,404
652,404
653,404
654,404
655,406
656,413
657,434
658,449
659,462
660,469
661,473
662,474
663,471
664,455
665,433
666,411
667,407
668,406
669,404
670,403
671,403
672,402
673,402
674,403
675,407
676,419
677,435
678,449
679,456
680,461
681,465
682,466
683,468
684,468
685,468
686,456
687,434
688,421
689,409
690,408
691,407
692,406
693,406
694,406
695,409
696,430
697,453
698,467
699,475
700,480
701,484
702,486
703,487
704,476
705,456
706,435
707,420
708,409
709,408
710,407
711,407
712,407
713,408
714,419
715,441
716,456
717,470
718,476
719,480
720,480
721,480
722,473
723,456
724,434
725,420
726,414
727,409
728,409
729,409
730,409
731,409
732,411
733,430
734,445
735,459
736,465
737,470
738,474
739,475
740,475
741,475
742,472
743,455
744,433
745,419
746,412
747,409
748,408
749,408
750,408
751,408
752,418
753,437
754,460
755,474
756,481
757,487
758,491
759,493
760,493
761,483
762,464
763,444
764,421
765,409
766,408
767,407
768,406
769,405
770,405
771,405
772,407
773,411
774,431
775,451
776,465
777,478
778,487
779,491
780,491
781,491
782,490
783,488
784,484
785,479
786,473
787,459
788,446
789,432
790,420
791,409
792,408
793,408
794,408
795,408
796,408
797,408
798,409
799,410
800,414
801,421
802,435
803,448
804,459
805,472
806,481
807,486
808,488
809,488
810,488
811,488
812,488
813,488
814,488
815,487
816,486
817,485
818,484
819,482
820,482
821,482
822,485
823,488
824,490
825,491
826,491
827,491
828,491
829,491
830,491
831,485
832,463
833,442
834,422
835,409
836,406
837,405
838,404
839,403
840,403
841,402
842,404
843,401
844,403
845,404
846,401
847,404
848,401
849,402
850,404
851,407
852,417
853,436
854,448
855,458
856,465
857,467
858,467
859,467
860,467
861,467
862,467
863,467
864,467
865,467
866,469
867,470
868,471
869,472
870,473
871,474
872,476
873,477
874,481
875,485
876,489
877,495
878,500
879,506
880,512
881,517
882,522
883,526
884,530
885,533
886,535
887,535
888,536
889,537
890,537
891,538
892,539
893,541
894,542
895,544
896,545
897,546
898,547
899,548
900,549
901,550
902,551
903,552
904,551
905,552
906,552
907,552
908,553
909,553
910,553
911,553
912,553
913,553
914,553
915,553
916,553
917,553
918,553
919,551
920,547
921,541
922,534
923,529
924,519
925,504
926,489
927,474
928,457
929,445
930,435
931,428
932,423
933,419
934,415
935,412
936,409
937,409
938,409
939,409
940,410
941,410
942,410
943,413
944,414
945,414
946,414
947,414
948,414
949,421
950,440
951,456
952,478
953,502
954,519
955,537
956,545
957,555
958,565
959,573
960,580
961,587
962,594
963,601
964,606
965,609
966,611
967,612
968,613
969,613
970,613
971,613
972,611
973,611
974,611
975,611
976,611
977,611
978,611
979,610
980,610
981,610
982,610
983,610
984,610
985,607
986,596
987,579
988,558
989,531
990,510
991,490
992,479
993,460
994,448
995,436
996,430
997,424
998,417
999,412
1000,409
1001,408
1002,408
1003,407
1004,406
1005,406
1006,406
1007,406
1008,406
1009,406
1010,406
1011,406
1012,406
1013,406
1014,406
1015,406
1016,407
1017,415
1018,438
1019,459
1020,481
1021,496
1022,502
1023,509
1024,515
1025,522
1026,529
1027,535
1028,541
1029,547
1030,551
1031,554
1032,556
1033,558
1034,558
1035,558
1036,558
1037,558
1038,558
1039,558
1040,558
1041,558
1042,558
1043,558
1044,551
1045,532
1046,512
1047,499
1048,485
1049,478
1050,469
1051,461
1052,455
1053,449
1054,444
1055,439
1056,436
1057,435
1058,434
1059,434
1060,434
1061,434
1062,434
1063,436
1064,436
1065,436
1066,434
1067,434
1068,437
1069,456
1070,484
1071,507
1072,524
1073,541
1074,559
1075,568
1076,576
1077,585
1078,593
1079,601
1080,607
1081,614
1082,621
1083,626
1084,632
1085,636
1086,639
1087,641
1088,644
1089,645
1090,647
1091,649
1092,650
1093,651
1094,652
1095,652
1096,652
1097,652
1098,652
1099,653
1100,653
1101,653
1102,653
1103,653
1104,653
1105,653
1106,653
1107,653
1108,653
1109,653
1110,653
1111,653
1112,653
1113,653
1114,653
1115,653
1116,653
1117,653
1118,653
1119,653
1120,653
1121,652
1122,648
1123,642
1124,633
1125,613
1126,585
1127,559
1128,530
1129,507
1130,492
1131,477
1132,470
1133,464
1134,458
1135,453
1136,449
1137,448
1138,447
1139,447
1140,447
1141,447
1142,447
1143,447
1144,447
1145,447
1146,447
1147,447
1148,452
1149,464
1150,479
1151,497
1152,509
1153,522
1154,528
1155,533
1156,539
1157,545
1158,551
1159,557
1160,560
1161,563
1162,567
1163,568
1164,568
1165,568
1166,568
1167,568
1168,568
1169,568
1170,568
1171,568
1172,567
1173,552
1174,532
1175,519
1176,506
1177,499
1178,493
1179,490
1180,487
1181,485
1182,484
1183,484
1184,484
1185,484
1186,484
1187,484
1188,484
1189,484
1190,483
1191,482
1192,480
1193,477
1194,473
1195,468
1196,462
1197,456
1198,449
1199,436
1200,423
1201,417
1202,410
1203,409
1204,408
1205,407
1206,407
1207,407
1208,407
1209,408
1210,409
1211,427
1212,452
1213,475
1214,497
1215,519
1216,534
1217,547
1218,553
1219,560
1220,566
1221,570
1222,573
1223,574
1224,574
1225,574
1226,574
1227,574
1228,574
1229,574
1230,557
1231,537
1232,522
1233,516
1234,510
1235,507
1236,505
1237,504
1238,504
1239,504
1240,504
1241,504
1242,506
1243,517
1244,528
1245,536
1246,544
1247,550
1248,554
1249,557
1250,558
1251,558
1252,558
1253,554
1254,541
1255,523
1256,502
1257,486
1258,479
1259,471
1260,466
1261,461
1262,457
1263,456
1264,456
1265,456
1266,456
1267,456
1268,460
1269,483
1270,504
1271,521
1272,536
1273,543
1274,548
1275,553
1276,555
1277,557
1278,557
1279,557
1280,557
1281,557
1282,541
1283,520
1284,504
1285,497
1286,490
1287,484
1288,481
1289,479
1290,478
1291,478
1292,478
1293,478
1294,495
1295,516
1296,531
1297,539
1298,545
1299,552
1300,555
1301,557
1302,558
1303,558
1304,558
1305,556
1306,536
1307,515
1308,499
1309,492
1310,487
1311,485
1312,483
1313,483
1314,483
1315,483
1316,483
1317,483
1318,482
1319,481
1320,479
1321,478
1322,477
1323,474
1324,471
1325,471
1326,471
1327,472
1328,474
1329,476
1330,479
1331,483
1332,489
1333,503
1334,518
1335,533
1336,546
1337,560
1338,566
1339,573
1340,578
1341,582
1342,582
1343,580
1344,569
1345,555
1346,535
1347,514
1348,491
1349,478
1350,471
1351,465
1352,460
1353,457
1354,456
1355,456
1356,468
1357,486
1358,507
1359,529
1360,545
1361,552
1362,557
1363,561
1364,563
1365,563
1366,563
1367,558
1368,540
1369,518
1370,503
1371,498
1372,495
1373,494
1374,494
1375,494
1376,502
1377,522
1378,538
1379,545
1380,550
1381,553
1382,554
1383,554
1384,552
1385,537
1386,516
1387,502
1388,495
1389,489
1390,484
1391,482
1392,481
1393,481
1394,485
1395,503
1396,524
1397,547
1398,562
1399,569
1400,574
1401,579
1402,582
1403,584
1404,584
1405,573
1406,554
1407,532
1408,509
1409,495
1410,488
1411,483
1412,480
1413,480
1414,485
1415,505
1416,528
1417,543
1418,557
1419,564
1420,570
1421,573
1422,575
1423,575
1424,569
1425,548
1426,526
1427,512
1428,497
1429,490
1430,486
1431,485
1432,485
1433,495
1434,516
1435,531
1436,545
1437,551
1438,554
1439,556
1440,556
1441,551
1442,533
1443,519
1444,513
1445,509
1446,507
1447,509
1448,509
1449,509
1450,510
1451,514
1452,518
1453,520
1454,519
1455,519
1456,519
1457,519
1458,519
1459,520
1460,522
1461,527
1462,534
1463,547
1464,557
1465,560
1466,560
1467,558
1468,555
1469,542
1470,527
1471,513
1472,498
1473,492
1474,487
1475,486
1476,489
1477,504
1478,526
1479,541
1480,548
1481,554
1482,557
1483,558
1484,558
1485,557
1486,539
1487,524
1488,518
1489,516
1490,513
1491,513
1492,513
1493,524
1494,545
1495,560
1496,567
1497,571
1498,573
1499,573
1500,572
1501,559
1502,536
1503,522
1504,514
1505,509
1506,506
1507,505
1508,505
1509,509
1510,529
1511,551
1512,565
1513,571
1514,577
1515,580
1516,580
1517,570
1518,556
1519,535
1520,515
1521,511
1522,510
1523,510
1524,512
1525,516
1526,523
1527,536
1528,544
1529,543
1530,543
1531,543
1532,543
1533,542
1534,542
1535,542
1536,542
1537,541
1538,541
1539,541
1540,541
1541,541
1542,541
1543,541
1544,540
1545,539
1546,540
1547,540
1548,540
1549,540
1550,540
1551,542
1552,545
1553,547
1554,547
1555,547
1556,547
1557,547
1558,547
1559,548
1560,553
1561,558
1562,561
1563,563
1564,564
1565,564
1566,564
1567,563
1568,561
1569,557
1570,550
1571,537
1572,523
1573,512
1574,507
1575,506
1576,507
1577,508
1578,510
1579,515
1580,521
1581,535
1582,548
1583,569
1584,582
1585,584
1586,584
1587,584
1588,584
1589,584
1590,583
1591,582
1592,580
1593,578
1594,575
1595,572
1596,571
1597,571
1598,571
1599,571
1600,571
1601,571
1602,560
1603,546
1604,540
1605,534
1606,529
1607,526
1608,525
1609,525
1610,525
1611,528
1612,554
1613,576
1614,598
1615,612
1616,619
1617,624
1618,627
1619,627
1620,625
1621,620
1622,616
1623,603
1624,591
1625,581
1626,579
1627,579
1628,579
1629,579
1630,579
1631,576
1632,573
1633,570
1634,567
1635,567
1636,567
1637,567
1638,567
1639,567
1640,567
1641,567
1642,571
1643,576
1644,580
1645,583
1646,585
1647,588
1648,588
1649,588
1650,588
1651,588
1652,588
1653,589
1654,591
1655,595
1656,600
1657,611
1658,617
1659,619
1660,620
1661,620
1662,620
1663,620
1664,629
1665,648
1666,665
1667,674
1668,680
1669,685
1670,690
1671,692
1672,692
1673,692
1674,692
1675,692
1676,692
1677,677
1678,657
1679,634
1680,619
1681,613
1682,606
1683,600
1684,596
1685,593
1686,592
1687,592
1688,593
1689,597
1690,616
1691,632
1692,649
1693,665
1694,671
1695,678
1696,683
1697,687
1698,690
1699,690
1700,690
1701,685
1702,659
1703,628
1704,605
1705,582
1706,560
1707,548
1708,540
1709,535
1710,530
1711,524
1712,520
1713,516
1714,514
1715,512
1716,511
1717,509
1718,509
1719,507
1720,506
1721,504
1722,502
1723,502
1724,500
1725,499
1726,497
1727,496
1728,494
1729,492
1730,490
1731,488
1732,487
1733,486
1734,485
1735,484
1736,483
1737,483
1738,482
1739,482
1740,483
1741,484
1742,486
1743,488
1744,492
1745,496
1746,501
1747,505
1748,509
1749,515
1750,519
1751,520
1752,520
1753,520
1754,520
1755,520
1756,520
1757,520
1758,520
1759,529
1760,538
1761,547
1762,552
1763,554
1764,555
1765,555
1766,555
1767,555
1768,555
1769,555
1770,555
1771,555
1772,555
1773,557
1774,560
1775,563
1776,569
1777,574
1778,579
1779,589
1780,598
1781,605
1782,610
1783,614
1784,616
1785,617
1786,617
1787,616
1788,616
1789,616
1790,616
1791,614
1792,614
1793,613
1794,603
1795,590
1796,578
1797,573
1798,571
1799,570
1800,569
1801,568
1802,568
1803,569
1804,569
1805,569
1806,569
1807,569
1808,569
1809,567
1810,567
1811,565
1812,562
1813,558
1814,553
1815,547
1816,541
1817,527
1818,516
1819,509
1820,504
1821,500
1822,498
1823,497
1824,497
1825,499
1826,510
1827,527
1828,545
1829,558
1830,572
1831,577
1832,580
1833,581
1834,579
1835,576
1836,571
1837,564
1838,558
1839,545
1840,534
1841,522
1842,514
1843,509
1844,506
1845,504
1846,503
1847,503
1848,505
1849,505
1850,505
1851,506
1852,507
1853,509
1854,511
1855,514
1856,519
1857,523
1858,528
1859,533
1860,540
1861,551
1862,557
1863,568
1864,578
1865,590
1866,599
1867,604
1868,606
1869,606
1870,606
1871,605
1872,603
1873,600
1874,595
1875,590
1876,578
1877,566
1878,556
1879,544
1880,535
1881,530
1882,530
1883,530
1884,530
1885,530
1886,525
1887,521
1888,519
1889,514
1890,509
1891,505
1892,502
1893,500
1894,500
1895,500
1896,500
1897,500
1898,500
1899,500
1900,505
1901,520
1902,538
1903,557
1904,569
1905,582
1906,592
1907,603
1908,615
1909,626
1910,631
1911,636
1912,640
1913,646
1914,650
1915,653
1916,657
1917,660
1918,664
1919,666
1920,668
1921,669
1922,670
1923,670
1924,670
1925,669
1926,667
1927,665
1928,662
1929,653
1930,645
1931,636
1932,628
1933,619
1934,611
1935,608
1936,608
1937,608
1938,608
1939,608
1940,608
1941,608
1942,608
1943,607
1944,599
1945,583
1946,561
1947,547
1948,533
1949,527
1950,521
1951,514
1952,509
1953,503
1954,498
1955,494
1956,491
1957,489
1958,488
1959,490
1960,490
1961,490
1962,490
1963,490
1964,490
1965,490
1966,490
1967,490
1968,490
1969,490
1970,488
1971,488
1972,488
1973,488
1974,490
1975,498
1976,505
1977,513
1978,522
1979,531
1980,543
1981,555
1982,567
1983,574
1984,580
1985,586
1986,593
1987,599
1988,604
1989,611
1990,615
1991,620
1992,624
1993,628
1994,631
1995,633
1996,636
1997,637
1998,638
1999,640
2000,641
2001,643
2002,644
2003,645
2004,647
2005,647
2006,648
2007,649
2008,650
2009,651
2010,651
2011,652
2012,653
2013,653
2014,654
2015,654
2016,655
2017,657
2018,657
2019,657
2020,657
2021,657
2022,657
2023,657
2024,657
2025,657
2026,657
2027,657
2028,657
2029,657
2030,657
2031,649
2032,633
2033,619
2034,604
2035,588
2036,573
2037,562
2038,551
2039,539
2040,527
2041,522
2042,516
2043,508
2044,502
2045,495
2046,489
2047,484
2048,480
2049,477
2050,475
2051,472
2052,469
2053,467
2054,465
2055,463
2056,460
2057,459
2058,455
2059,453
2060,451
2061,450
2062,448
2063,446
2064,445
2065,443
2066,442
2067,440
2068,439
2069,438
2070,437
2071,436
2072,434
2073,433
2074,432
2075,431
2076,430
2077,429
2078,428
2079,427
2080,427
2081,426
2082,426
2083,426
2084,426
2085,426
2086,426
2087,426
2088,426
2089,426
2090,426
2091,426
2092,426
2093,426
2094,426
2095,426
2096,426
2097,426
2098,426
2099,426
2100,430
2101,437
2102,448
2103,466
2104,486
2105,509
2106,528
2107,548
2108,569
2109,583
2110,594
2111,605
2112,617
2113,627
2114,637
2115,641
2116,644
2117,649
2118,652
2119,655
2120,658
2121,660
2122,663
2123,666
2124,668
2125,670
2126,673
2127,672
2128,672
2129,673
2130,673
2131,673
2132,673
2133,673
2134,673
2135,673
2136,673
2137,673
2138,673
2139,673
2140,673
2141,673
2142,673
2143,673
2144,673
2145,671
2146,661
2147,647
2148,626
2149,604
2150,586
2151,567
2152,546
2153,534
2154,521
2155,509
2156,504
2157,499
2158,494
2159,489
2160,486
2161,483
2162,481
2163,477
2164,476
2165,476
2166,476
2167,476
2168,476
2169,476
2170,476
2171,476
2172,476
2173,476
2174,476
2175,476
2176,476
2177,485
2178,503
2179,527
2180,556
2181,579
2182,594
2183,611
2184,628
2185,636
2186,643
2187,651
2188,658
2189,665
2190,671
2191,676
2192,681
2193,685
2194,688
2195,689
2196,691
2197,691
2198,691
2199,691
2200,691
2201,691
2202,691
2203,691
2204,691
2205,691
2206,690
2207,670
2208,646
2209,617
2210,593
2211,578
2212,570
2213,563
2214,558
2215,553
2216,551
2217,549
2218,549
2219,549
2220,549
2221,549
2222,549
2223,549
2224,548
2225,547
2226,543
2227,537
2228,530
2229,518
2230,510
2231,499
2232,493
2233,489
2234,485
2235,484
2236,484
2237,484
2238,484
2239,495
2240,521
2241,556
2242,588
2243,605
2244,621
2245,629
2246,633
2247,636
2248,638
2249,640
2250,640
2251,640
2252,641
2253,641
2254,641
2255,643
2256,649
2257,654
2258,668
2259,679
2260,689
2261,700
2262,707
2263,709
2264,713
2265,712
2266,712
2267,705
2268,689
2269,662
2270,637
2271,616
2272,616
2273,616
2274,614
2275,614
2276,613
2277,611
2278,611
2279,610
2280,608
2281,609
2282,610
2283,610
2284,610
2285,610
2286,610
2287,610
2288,609
2289,608
2290,606
2291,604
2292,602
2293,598
2294,592
2295,587
2296,581
2297,568
2298,554
2299,542
2300,531
2301,528
2302,526
2303,525
2304,525
2305,525
2306,527
2307,531
2308,544
2309,562
2310,580
2311,601
2312,614
2313,615
2314,615
2315,615
2316,614
2317,612
2318,607
2319,601
2320,587
2321,579
2322,576
2323,574
2324,576
2325,577
2326,581
2327,586
2328,601
2329,615
2330,636
2331,650
2332,662
2333,669
2334,675
2335,678
2336,680
2337,680
2338,680
2339,675
2340,652
2341,633
2342,613
2343,598
2344,591
2345,586
2346,582
2347,580
2348,581
2349,584
2350,599
2351,620
2352,641
2353,655
2354,669
2355,675
2356,682
2357,687
2358,692
2359,695
2360,698
2361,695
2362,688
2363,678
2364,660
2365,639
2366,619
2367,598
2368,577
2369,563
2370,551
2371,548
2372,548
2373,548
2374,548
2375,549
2376,549
2377,550
2378,552
2379,554
2380,557
2381,560
2382,561
2383,561
2384,561
2385,561
2386,561
2387,561
2388,573
2389,600
2390,621
2391,636
2392,652
2393,658
2394,665
2395,670
2396,675
2397,679
2398,681
2399,681
2400,676
2401,662
2402,640
2403,618
2404,597
2405,575
2406,561
2407,553
2408,547
2409,542
2410,537
2411,531
2412,529
2413,533
2414,541
2415,557
2416,578
2417,599
2418,622
2419,637
2420,643
2421,650
2422,655
2423,659
2424,663
2425,664
2426,664
2427,664
2428,664
2429,658
2430,637
2431,606
2432,583
2433,568
2434,561
2435,556
2436,551
2437,549
2438,548
2439,548
2440,548
2441,548
2442,548
2443,552
2444,568
2445,580
2446,585
2447,590
2448,593
2449,596
2450,597
2451,597
2452,595
2453,595
2454,595
2455,595
2456,594
2457,587
2458,577
2459,570
2460,564
2461,559
2462,553
2463,550
2464,548
2465,548
2466,548
2467,548
2468,548
2469,557
2470,582
2471,604
2472,621
2473,637
2474,645
2475,652
2476,658
2477,662
2478,666
2479,669
2480,671
2481,671
2482,671
2483,671
2484,664
2485,640
2486,619
2487,597
2488,575
2489,553
2490,540
2491,532
2492,526
2493,520
2494,514
2495,509
2496,506
2497,502
2498,501
2499,502
2500,511
2501,522
2502,541
2503,561
2504,582
2505,602
2506,622
2507,636
2508,650
2509,656
2510,662
2511,666
2512,668
2513,668
2514,668
2515,667
2516,667
2517,664
2518,661
2519,657
2520,653
2521,646
2522,635
2523,622
2524,610
2525,598
2526,592
2527,581
2528,569
2529,564
2530,559
2531,552
2532,545
2533,540
2534,534
2535,530
2536,525
2537,520
2538,516
2539,511
2540,508
2541,506
2542,503
2543,501
2544,500
2545,499
2546,497
2547,495
2548,494
2549,494
2550,493
2551,493
2552,493
2553,493
2554,493
2555,494
2556,495
2557,497
2558,498
2559,499
2560,499
2561,500
2562,501
2563,501
2564,501
2565,501
2566,501
2567,501
2568,501
2569,502
2570,502
2571,502
2572,502
2573,502
2574,502
2575,502
2576,502
2577,503
2578,502
2579,498
2580,496
2581,494
2582,492
2583,491
2584,490
2585,489
2586,488
2587,488
2588,487
2589,486
2590,485
2591,484
2592,483
2593,482
2594,482
2595,481
2596,479
2597,478
2598,477
2599,476
2600,474
2601,474
2602,474
2603,474
2604,474
2605,474
2606,474
2607,474
2608,474
2609,474
2610,474
2611,474
2612,474
2613,474
2614,474
2615,474
2616,474
2617,474
2618,474
2619,474
2620,474
2621,474
2622,474
2623,474
2624,476
2625,477
2626,476
2627,477
2628,477
2629,477
2630,477
2631,477
2632,477
2633,477
2634,477
2635,478
2636,478
2637,479
2638,480
2639,482
2640,484
2641,486
2642,490
2643,494
2644,501
2645,511
2646,520
2647,530
2648,542
2649,551
2650,555
2651,557
2652,558
2653,558
2654,558
2655,558
2656,558
2657,558
2658,558
2659,560
2660,562
2661,566
2662,576
2663,585
2664,595
2665,605
2666,615
2667,619
2668,622
2669,622
2670,622
2671,622
2672,622
2673,622
2674,619
2675,616
2676,615
2677,616
2678,618
2679,621
2680,625
2681,631
2682,637
2683,642
2684,647
2685,649
2686,649
2687,649
2688,649
2689,649
2690,649
2691,645
2692,642
2693,641
2694,640
2695,641
2696,642
2697,643
2698,645
2699,645
2700,644
2701,640
2702,629
2703,617
2704,605
2705,592
2706,586
2707,583
2708,582
2709,582
2710,582
2711,582
2712,582
2713,581
2714,579
2715,576
2716,571
2717,566
2718,561
2719,559
2720,556
2721,555
2722,559
2723,565
2724,576
2725,585
2726,589
2727,589
2728,586
2729,584
2730,579
2731,575
2732,573
2733,573
2734,573
2735,573
2736,571
2737,568
2738,564
2739,561
2740,559
2741,560
2742,564
2743,574
2744,583
2745,587
2746,590
2747,592
2748,592
2749,592
2750,593
2751,595
2752,599
2753,603
2754,606
2755,606
2756,604
2757,601
2758,596
2759,587
2760,585
2761,585
2762,588
2763,593
2764,602
2765,611
2766,615
2767,616
2768,616
2769,616
2770,616
2771,616
2772,616
2773,616
2774,616
2775,616
2776,616
2777,614
2778,611
2779,607
2780,607
2781,607
2782,608
2783,611
2784,615
2785,618
2786,622
2787,624
2788,625
2789,624
2790,619
2791,612
2792,607
2793,606
2794,606
2795,606
2796,613
2797,616
2798,617
2799,617
2800,617
2801,612
2802,610
2803,607
2804,606
2805,606
2806,606
2807,606
2808,607
2809,608
2810,608
2811,608
2812,605
2813,601
2814,599
2815,598
2816,598
2817,599
2818,606
2819,610
2820,612
2821,612
2822,609
2823,602
2824,592
2825,589
2826,589
2827,591
2828,595
2829,603
2830,607
2831,607
2832,603
2833,600
2834,596
2835,593
2836,593
2837,593
2838,593
2839,594
2840,594
2841,594
2842,594
2843,594
2844,596
2845,600
2846,602
2847,603
2848,603
2849,603
2850,597
2851,587
2852,583
2853,582
2854,584
2855,588
2856,597
2857,604
2858,605
2859,605
2860,610
2861,615
2862,618
2863,619
2864,620
2865,620
2866,617
2867,608
2868,597
2869,587
2870,583
2871,583
2872,584
2873,586
2874,591
2875,595
2876,598
2877,600
2878,600
2879,604
2880,615
2881,626
2882,636
2883,639
2884,639
2885,637
2886,633
2887,629
2888,618
2889,611
2890,610
2891,610
2892,610
2893,607
2894,598
2895,592
2896,588
2897,585
2898,583
2899,583
2900,584
2901,592
2902,604
2903,615
2904,625
2905,630
2906,631
2907,631
2908,631
2909,631
2910,632
2911,633
2912,636
2913,638
2914,638
2915,638
2916,638
2917,637
2918,624
2919,604
2920,592
2921,579
2922,567
2923,561
2924,559
2925,557
2926,557
2927,558
2928,560
2929,563
2930,568
2931,573
2932,579
2933,590
2934,601
2935,607
2936,615
2937,620
2938,622
2939,622
2940,622
2941,622
2942,622
2943,622
2944,622
2945,623
2946,629
2947,633
2948,638
2949,643
2950,646
2951,648
2952,649
2953,649
2954,649
2955,649
2956,649
2957,649
2958,639
2959,625
2960,604
2961,591
2962,584
2963,578
2964,573
2965,568
2966,565
2967,563
2968,562
2969,562
2970,562
2971,565
2972,573
2973,582
2974,594
2975,606
2976,618
2977,630
2978,641
2979,653
2980,665
2981,675
2982,681
2983,686
2984,690
2985,695
2986,698
2987,700
2988,701
2989,701
2990,701
2991,699
2992,694
2993,687
2994,679
2995,667
2996,657
2997,646
2998,637
2999,625
3000,615
3001,602
3002,592
3003,581
3004,572
3005,566
3006,561
3007,556
3008,550
3009,547
3010,544
3011,542
3012,541
3013,539
3014,538
3015,537
3016,537
3017,537
3018,537
3019,536
3020,536
3021,536
3022,536
3023,536
3024,536
3025,536
3026,536
3027,536
3028,536
3029,536
3030,536
3031,536
3032,536
3033,536
3034,536
3035,536
3036,535
3037,533
3038,530
3039,526
3040,522
3041,516
3042,510
3043,506
3044,502
3045,499
3046,495
3047,491
3048,488
3049,486
3050,483
3051,481
3052,480
3053,479
3054,479
3055,479
3056,479
3057,479
3058,479
3059,479
3060,479
3061,479
3062,479
3063,479
3064,479
3065,479
3066,479
3067,479
3068,481
3069,497
3070,525
3071,560
3072,593
3073,627
3074,653
3075,670
3076,686
3077,694
3078,702
3079,706
3080,712
3081,718
3082,721
3083,725
3084,729
3085,730
3086,731
3087,734
3088,734
3089,734
3090,734
3091,732
3092,732
3093,732
3094,732
3095,732
3096,732
3097,731
3098,731
3099,731
3100,731
3101,731
3102,731
3103,729
3104,720
3105,703
3106,683
3107,660
3108,638
3109,618
3110,599
3111,582
3112,572
3113,561
3114,553
3115,548
3116,544
3117,541
3118,537
3119,534
3120,532
3121,529
3122,527
3123,526
3124,526
3125,526
3126,526
3127,526
3128,526
3129,526
3130,526
3131,526
3132,526
3133,526
3134,526
3135,526
3136,539
3137,561
3138,585
3139,606
3140,627
3141,643
3142,658
3143,665
3144,672
3145,680
3146,686
3147,692
3148,697
3149,701
3150,704
3151,705
3152,705
3153,705
3154,705
3155,705
3156,705
3157,705
3158,705
3159,705
3160,705
3161,697
3162,682
3163,666
3164,654
3165,649
3166,646
3167,643
3168,642
3169,641
3170,641
3171,642
3172,643
3173,643
3174,643
3175,643
3176,643
3177,642
3178,641
3179,640
3180,638
3181,635
3182,631
3183,626
3184,620
3185,614
3186,606
3187,594
3188,586
3189,573
3190,558
3191,552
3192,540
3193,534
3194,529
3195,524
3196,520
3197,518
3198,516
3199,515
3200,515
3201,515
3202,515
3203,516
3204,522
3205,539
3206,562
3207,582
3208,603
3209,625
3210,648
3211,667
3212,680
3213,694
3214,699
3215,705
3216,710
3217,713
3218,717
3219,717
3220,717
3221,717
3222,717
3223,713
3224,693
3225,668
3226,648
3227,628
3228,614
3229,608
3230,601
3231,597
3232,594
3233,593
3234,597
3235,612
3236,634
3237,654
3238,668
3239,675
3240,681
3241,686
3242,691
3243,694
3244,696
3245,696
3246,695
3247,687
3248,669
3249,645
3250,623
3251,608
3252,599
3253,593
3254,587
3255,581
3256,579
3257,577
3258,577
3259,577
3260,577
3261,577
3262,577
3263,580
3264,600
3265,619
3266,634
3267,642
3268,648
3269,653
3270,658
3271,660
3272,661
3273,661
3274,661
3275,661
3276,661
3277,661
3278,653
3279,632
3280,617
3281,611
3282,605
3283,600
3284,597
3285,596
3286,596
3287,596
3288,599
3289,615
3290,636
3291,661
3292,677
3293,684
3294,692
3295,698
3296,704
3297,707
3298,710
3299,710
3300,710
3301,707
3302,686
3303,658
3304,634
3305,609
3306,593
3307,586
3308,579
3309,574
3310,569
3311,566
3312,563
3313,563
3314,563
3315,563
3316,570
3317,595
3318,627
3319,651
3320,666
3321,674
3322,680
3323,685
3324,691
3325,693
3326,694
3327,694
3328,694
3329,679
3330,650
3331,626
3332,611
3333,604
3334,597
3335,592
3336,588
3337,586
3338,586
3339,586
3340,586
3341,601
3342,621
3343,635
3344,650
3345,657
3346,662
3347,666
3348,667
3349,670
3350,670
3351,670
3352,670
3353,670
3354,668
3355,655
3356,644
3357,638
3358,633
3359,631
3360,630
3361,629
3362,629
3363,629
3364,629
3365,629
3366,629
3367,628
3368,627
3369,625
3370,620
3371,616
3372,610
3373,603
3374,591
3375,584
3376,581
3377,579
3378,578
3379,578
3380,578
3381,580
3382,581
3383,584
3384,588
3385,593
3386,598
3387,611
3388,625
3389,638
3390,652
3391,664
3392,672
3393,675
3394,675
3395,673
3396,673
3397,673
3398,673
3399,673
3400,672
3401,671
3402,668
3403,667
3404,666
3405,665
3406,663
3407,662
3408,660
3409,659
3410,658
3411,658
3412,658
3413,658
3414,658
3415,658
3416,658
3417,658
3418,658
3419,658
3420,656
3421,645
3422,631
3423,625
3424,620
3425,615
3426,611
3427,609
3428,609
3429,609
3430,609
3431,609
3432,611
3433,625
3434,644
3435,658
3436,672
3437,678
3438,684
3439,690
3440,697
3441,700
3442,701
3443,701
3444,698
3445,683
3446,665
3447,644
3448,624
3449,611
3450,598
3451,592
3452,585
3453,581
3454,578
3455,576
3456,575
3457,575
3458,575
3459,575
3460,577
3461,592
3462,618
3463,640
3464,655
3465,670
3466,678
3467,681
3468,686
3469,692
3470,695
3471,698
3472,699
3473,699
3474,699
3475,699
3476,699
3477,685
3478,660
3479,639
3480,617
3481,596
3482,584
3483,577
3484,571
3485,565
3486,560
3487,555
3488,549
3489,546
3490,542
3491,541
3492,540
3493,541
3494,542
3495,546
3496,553
3497,562
3498,574
3499,586
3500,597
3501,609
3502,621
3503,633
3504,645
3505,658
3506,666
3507,671
3508,673
3509,675
3510,675
3511,676
3512,676
3513,676
3514,676
3515,676
3516,676
3517,676
3518,676
3519,676
3520,676
3521,676
3522,676
3523,676
3524,676
3525,676
3526,676
3527,677
3528,678
3529,678
3530,679
3531,680
3532,680
3533,680
3534,680
3535,680
3536,680
3537,680
3538,680
3539,680
3540,680
3541,680
3542,680
3543,680
3544,678
3545,671
3546,662
3547,651
3548,642
3549,636
3550,631
3551,626
3552,622
3553,617
3554,614
3555,610
3556,607
3557,604
3558,602
3559,601
3560,600
3561,600
3562,600
3563,598
3564,598
3565,598
3566,598
3567,598
3568,598
3569,598
3570,598
3571,598
3572,598
3573,599
3574,609
3575,624
3576,641
3577,652
3578,666
3579,681
3580,689
3581,697
3582,704
3583,711
3584,718
3585,724
3586,730
3587,735
3588,739
3589,742
3590,743
3591,745
3592,746
3593,746
3594,746
3595,746
3596,746
3597,746
3598,746
3599,746
3600,746
3601,746
3602,746
3603,746
3604,746
3605,746
3606,746
3607,746
3608,746
3609,746
3610,740
3611,730
3612,719
3613,711
3614,702
3615,692
3616,683
3617,673
3618,662
3619,651
3620,646
3621,642
3622,637
3623,632
3624,627
3625,623
3626,614
3627,607
3628,601
3629,598
3630,595
3631,592
3632,589
3633,587
3634,584
3635,580
3636,578
3637,575
3638,572
3639,569
3640,567
3641,566
3642,564
3643,561
3644,560
3645,558
3646,556
3647,554
3648,553
3649,551
3650,549
3651,546
3652,543
3653,541
3654,539
3655,536
3656,534
3657,532
3658,529
3659,527
3660,524
3661,522
3662,520
3663,519
3664,518
3665,517
3666,516
3667,516
3668,516
3669,516
3670,516
3671,516
3672,516
3673,516
3674,516
3675,516
3676,516
3677,516
3678,516
3679,516
3680,516
3681,516
3682,516
3683,516
3684,517
3685,517
3686,521
3687,529
3688,542
3689,556
3690,572
3691,588
3692,606
3693,625
3694,642
3695,657
3696,665
3697,674
3698,681
3699,688
3700,694
3701,699
3702,706
3703,712
3704,718
3705,724
3706,728
3707,731
3708,734
3709,737
3710,741
3711,745
3712,748
3713,750
3714,753
3715,754
3716,756
3717,758
3718,759
3719,760
3720,760
3721,761
3722,761
3723,761
3724,761
3725,761
3726,761
3727,761
3728,763
3729,763
3730,763
3731,763
3732,763
3733,763
3734,756
3735,735
3736,709
3737,689
3738,675
3739,661
3740,655
3741,648
3742,642
3743,638
3744,634
3745,632
3746,631
3747,631
3748,631
3749,631
3750,631
3751,631
3752,631
3753,631
3754,631
3755,631
3756,631
3757,631
3758,634
3759,639
3760,647
3761,664
3762,678
3763,692
3764,699
3765,706
3766,715
3767,722
3768,729
3769,735
3770,741
3771,747
3772,753
3773,756
3774,760
3775,762
3776,762
3777,762
3778,762
3779,762
3780,762
3781,762
3782,762
3783,762
3784,762
3785,762
3786,762
3787,762
3788,756
3789,748
3790,739
3791,734
3792,728
3793,723
3794,718
3795,712
3796,706
3797,699
3798,693
3799,686
3800,682
3801,677
3802,669
3803,663
3804,655
3805,649
3806,643
3807,632
3808,623
3809,619
3810,611
3811,607
3812,603
3813,599
3814,596
3815,594
3816,593
3817,591
3818,590
3819,588
3820,589
3821,587
3822,587
3823,585
3824,585
3825,585
3826,585
3827,585
3828,585
3829,584
3830,584
3831,584
3832,587
3833,593
3834,599
3835,617
3836,633
3837,645
3838,656
3839,661
3840,665
3841,671
3842,675
3843,678
3844,681
3845,683
3846,684
3847,684
3848,684
3849,683
3850,681
3851,678
3852,675
3853,671
3854,666
3855,663
3856,662
3857,661
3858,661
3859,661
3860,661
3861,661
3862,661
3863,661
3864,661
3865,662
3866,662
3867,661
3868,660
3869,659
3870,656
3871,654
3872,653
3873,652
3874,652
3875,652
3876,652
3877,652
3878,652
3879,650
3880,650
3881,650
3882,650
3883,649
3884,649
3885,651
3886,651
3887,650
3888,648
3889,645
3890,639
3891,632
3892,627
3893,621
3894,607
3895,601
3896,594
3897,589
3898,584
3899,581
3900,577
3901,577
3902,577
3903,580
3904,588
3905,599
3906,619
3907,641
3908,663
3909,686
3910,701
3911,715
3912,730
3913,737
3914,743
3915,749
3916,754
3917,758
3918,760
3919,760
3920,760
3921,760
3922,760
3923,760
3924,760
3925,747
3926,721
3927,697
3928,675
3929,660
3930,654
3931,649
3932,646
3933,644
3934,644
3935,644
3936,644
3937,644
3938,644
3939,644
3940,655
3941,669
3942,676
3943,682
3944,687
3945,690
3946,692
3947,692
3948,692
3949,687
3950,672
3951,652
3952,638
3953,622
3954,616
3955,608
3956,603
3957,599
3958,597
3959,596
3960,598
3961,596
3962,596
3963,610
3964,636
3965,658
3966,681
3967,697
3968,707
3969,715
3970,721
3971,724
3972,726
3973,726
3974,726
3975,726
3976,726
3977,726
3978,710
3979,680
3980,656
3981,640
3982,632
3983,626
3984,619
3985,614
3986,609
3987,606
3988,604
3989,602
3990,602
3991,605
3992,621
3993,642
3994,665
3995,691
3996,706
3997,715
3998,722
3999,729
4000,734
4001,738
4002,742
4003,742
4004,730
4005,710
4006,687
4007,665
4008,642
4009,627
4010,613
4011,604
4012,597
4013,592
4014,588
4015,586
4016,585
4017,585
4018,585
4019,599
4020,623
4021,645
4022,660
4023,667
4024,673
4025,677
4026,679
4027,679
4028,681
4029,681
4030,679
4031,679
4032,679
4033,679
4034,680
4035,683
4036,686
4037,689
4038,692
4039,694
4040,695
4041,694
4042,693
4043,690
4044,686
4045,673
4046,661
4047,647
4048,627
4049,614
4050,608
4051,603
4052,597
4053,594
4054,593
4055,594
4056,605
4057,622
4058,642
4059,662
4060,677
4061,691
4062,697
4063,704
4064,709
4065,713
4066,715
4067,715
4068,711
4069,697
4070,671
4071,649
4072,634
4073,628
4074,621
4075,618
4076,617
4077,617
4078,617
4079,624
4080,650
4081,673
4082,689
4083,695
4084,701
4085,707
4086,709
4087,710
4088,710
4089,704
4090,676
4091,655
4092,640
4093,628
4094,627
4095,629
4096,634
4097,646
4098,668
4099,691
4100,707
4101,715
4102,721
4103,723
4104,715
4105,696
4106,674
4107,652
4108,638
4109,631
4110,628
4111,628
4112,628
4113,631
4114,648
4115,663
4116,669
4117,674
4118,675
4119,676
4120,676
4121,676
4122,675
4123,671
4124,667
4125,664
4126,663
4127,663
4128,661
4129,661
4130,661
4131,660
4132,658
4133,653
4134,646
4135,633
4136,619
4137,614
4138,609
4139,609
4140,612
4141,624
4142,638
4143,660
4144,682
4145,696
4146,704
4147,710
4148,713
4149,711
4150,694
4151,673
4152,651
4153,636
4154,630
4155,626
4156,627
4157,637
4158,651
4159,672
4160,694
4161,708
4162,716
4163,724
4164,728
4165,728
4166,727
4167,721
4168,708
4169,694
4170,671
4171,650
4172,639
4173,639
4174,639
4175,639
4176,640
4177,642
4178,645
4179,650
4180,655
4181,669
4182,681
4183,687
4184,687
4185,687
4186,687
4187,687
4188,688
4189,690
4190,694
4191,698
4192,701
4193,702
4194,702
4195,702
4196,689
4197,667
4198,645
4199,632
4200,618
4201,611
4202,606
4203,604
4204,607
4205,610
4206,622
4207,641
4208,662
4209,684
4210,696
4211,699
4212,699
4213,698
4214,694
4215,681
4216,666
4217,652
4218,631
4219,619
4220,611
4221,606
4222,603
4223,602
4224,610
4225,629
4226,651
4227,672
4228,687
4229,701
4230,708
4231,713
4232,716
4233,716
4234,710
4235,691
4236,670
4237,655
4238,648
4239,643
4240,640
4241,640
4242,640
4243,640
4244,646
4245,658
4246,663
4247,668
4248,670
4249,670
4250,670
4251,670
4252,670
4253,670
4254,671
4255,675
4256,680
4257,694
4258,707
4259,711
4260,713
4261,714
4262,711
4263,708
4264,702
4265,687
4266,667
4267,646
4268,639
4269,639
4270,638
4271,641
4272,646
4273,660
4274,674
4275,695
4276,710
4277,722
4278,725
4279,726
4280,726
4281,725
4282,721
4283,716
4284,702
4285,688
4286,674
4287,660
4288,641
4289,636
4290,634
4291,634
4292,634
4293,635
4294,637
4295,641
4296,645
4297,659
4298,672
4299,676
4300,676
4301,676
4302,676
4303,676
4304,676
4305,675
4306,675
4307,676
4308,677
4309,677
4310,677
4311,677
4312,675
4313,666
4314,652
4315,645
4316,640
4317,637
4318,636
4319,637
4320,641
4321,660
4322,681
4323,696
4324,704
4325,711
4326,716
4327,718
4328,716
4329,697
4330,675
4331,653
4332,639
4333,630
4334,624
4335,620
4336,618
4337,621
4338,635
4339,663
4340,686
4341,702
4342,710
4343,716
4344,722
4345,723
4346,723
4347,704
4348,680
4349,665
4350,659
4351,655
4352,652
4353,652
4354,652
4355,652
4356,658
4357,669
4358,676
4359,679
4360,680
4361,680
4362,680
4363,680
4364,683
4365,686
4366,692
4367,708
4368,723
4369,729
4370,733
4371,732
4372,726
4373,711
4374,689
4375,667
4376,652
4377,645
4378,641
4379,639
4380,641
4381,656
4382,678
4383,702
4384,717
4385,726
4386,730
4387,734
4388,734
4389,725
4390,702
4391,680
4392,665
4393,658
4394,653
4395,648
4396,646
4397,646
4398,656
4399,675
4400,696
4401,713
4402,721
4403,728
4404,733
4405,735
4406,735
4407,723
4408,701
4409,678
4410,658
4411,645
4412,639
4413,634
4414,634
4415,635
4416,638
4417,641
4418,646
4419,658
4420,669
4421,671
4422,671
4423,669
4424,677
4425,690
4426,706
4427,722
4428,737
4429,751
4430,764
4431,769
4432,770
4433,772
4434,774
4435,775
4436,775
4437,775
4438,775
4439,775
4440,775
4441,775
4442,776
4443,777
4444,781
4445,787
4446,795
4447,802
4448,809
4449,815
4450,823
4451,827
4452,832
4453,837
4454,841
4455,844
4456,847
4457,850
4458,853
4459,856
4460,859
4461,861
4462,863
4463,866
4464,867
4465,868
4466,871
4467,872
4468,872
4469,872
4470,873
4471,873
4472,873
4473,873
4474,874
4475,874
4476,875
4477,878
4478,879
4479,880
4480,881
4481,881
4482,883
4483,884
4484,885
4485,886
4486,886
4487,887
4488,887
4489,889
4490,889
4491,889
4492,890
4493,890
4494,890
4495,890
4496,890
4497,890
4498,890
4499,890
4500,890
4501,890
4502,890
4503,890
4504,890
4505,890
4506,890
4507,878
4508,843
4509,806
4510,760
4511,717
4512,673
4513,638
4514,615
4515,601
4516,588
4517,574
4518,570
4519,567
4520,564
4521,559
4522,555
4523,552
4524,549
4525,544
4526,543
4527,539
4528,537
4529,537
4530,537
4531,537
4532,537
4533,537
4534,537
4535,535
4536,535
4537,537
4538,539
4539,548
4540,570
4541,597
4542,625
4543,654
4544,683
4545,708
4546,726
4547,744
4548,761
4549,768
4550,775
4551,780
4552,785
4553,789
4554,794
4555,798
4556,802
4557,807
4558,810
4559,813
4560,817
4561,819
4562,822
4563,824
4564,826
4565,828
4566,829
4567,830
4568,830
4569,830
4570,831
4571,830
4572,830
4573,830
4574,832
4575,832
4576,830
4577,830
4578,830
4579,830
4580,830
4581,830
4582,830
4583,830
4584,830
4585,830
4586,831
4587,831
4588,833
4589,833
4590,834
4591,834
4592,835
4593,835
4594,835
4595,836
4596,836
4597,836
4598,836
4599,836
4600,836
4601,838
4602,838
4603,838
4604,838
4605,838
4606,838
4607,838
4608,838
4609,838
4610,838
4611,838
4612,838
4613,838
4614,838
4615,838
4616,837
4617,837
4618,836
4619,835
4620,832
4621,829
4622,826
4623,821
4624,815
4625,811
4626,805
4627,799
4628,794
4629,788
4630,778
4631,764
4632,748
4633,730
4634,711
4635,692
4636,678
4637,663
4638,651
4639,646
4640,640
4641,635
4642,630
4643,627
4644,623
4645,621
4646,621
4647,621
4648,621
4649,621
4650,621
4651,621
4652,621
4653,621
4654,621
4655,621
4656,621
4657,624
4658,638
4659,657
4660,673
4661,692
4662,706
4663,723
4664,730
4665,738
4666,745
4667,754
4668,761
4669,768
4670,775
4671,782
4672,788
4673,794
4674,799
4675,803
4676,806
4677,806
4678,806
4679,806
4680,806
4681,806
4682,806
4683,806
4684,806
4685,806
4686,801
4687,774
4688,737
4689,700
4690,674
4691,656
4692,639
4693,632
4694,626
4695,619
4696,613
4697,609
4698,603
4699,600
4700,599
4701,598
4702,598
4703,598
4704,598
4705,598
4706,598
4707,598
4708,598
4709,598
4710,598
4711,604
4712,623
4713,649
4714,670
4715,686
4716,701
4717,709
4718,717
4719,725
4720,732
4721,739
4722,746
4723,752
4724,757
4725,761
4726,764
4727,764
4728,764
4729,764
4730,764
4731,764
4732,763
4733,763
4734,763
4735,763
4736,754
4737,737
4738,716
4739,701
4740,695
4741,689
4742,685
4743,683
4744,681
4745,680
4746,682
4747,682
4748,680
4749,680
4750,680
4751,680
4752,678
4753,678
4754,677
4755,675
4756,671
4757,667
4758,662
4759,657
4760,649
4761,643
4762,630
4763,617
4764,605
4765,593
4766,588
4767,582
4768,577
4769,575
4770,572
4771,569
4772,565
4773,564
4774,564
4775,564
4776,564
4777,564
4778,567
4779,576
4780,596
4781,623
4782,650
4783,673
4784,696
4785,711
4786,727
4787,735
4788,742
4789,744
4790,749
4791,750
4792,750
4793,750
4794,750
4795,750
4796,744
4797,716
4798,693
4799,678
4800,671
4801,665
4802,660
4803,657
4804,653
4805,652
4806,652
4807,652
4808,653
4809,658
4810,672
4811,694
4812,717
4813,733
4814,749
4815,758
4816,765
4817,771
4818,776
4819,779
4820,780
4821,780
4822,779
4823,763
4824,738
4825,707
4826,682
4827,666
4828,650
4829,643
4830,637
4831,633
4832,630
4833,628
4834,628
4835,628
4836,628
4837,632
4838,656
4839,678
4840,702
4841,719
4842,736
4843,752
4844,762
4845,770
4846,776
4847,782
4848,787
4849,792
4850,795
4851,796
4852,795
4853,795
4854,795
4855,789
4856,776
4857,756
4858,735
4859,713
4860,690
4861,671
4862,653
4863,640
4864,628
4865,616
4866,613
4867,611
4868,610
4869,611
4870,613
4871,616
4872,627
4873,638
4874,651
4875,671
4876,689
4877,704
4878,717
4879,731
4880,745
4881,758
4882,763
4883,767
4884,769
4885,770
4886,772
4887,772
4888,772
4889,772
4890,771
4891,769
4892,765
4893,760
4894,756
4895,751
4896,745
4897,732
4898,720
4899,707
4900,694
4901,684
4902,673
4903,661
4904,650
4905,639
4906,628
4907,618
4908,610
4909,606
4910,603
4911,600
4912,598
4913,597
4914,596
4915,596
4916,596
4917,598
4918,606
4919,616
4920,633
4921,652
4922,671
4923,692
4924,712
4925,726
4926,739
4927,747
4928,754
4929,760
4930,764
4931,767
4932,767
4933,762
4934,748
4935,729
4936,706
4937,685
4938,666
4939,652
4940,645
4941,639
4942,634
4943,631
4944,629
4945,629
4946,629
4947,631
4948,637
4949,655
4950,672
4951,686
4952,689
4953,694
4954,697
4955,698
4956,698
4957,698
4958,698
4959,698
4960,699
4961,701
4962,707
4963,714
4964,730
4965,745
4966,759
4967,764
4968,767
4969,770
4970,770
4971,769
4972,766
4973,754
4974,738
4975,714
4976,693
4977,671
4978,658
4979,644
4980,637
4981,632
4982,627
4983,624
4984,623
4985,628
4986,643
4987,663
4988,683
4989,706
4990,720
4991,737
4992,744
4993,751
4994,757
4995,762
4996,766
4997,768
4998,766
4999,750
5000,729
5001,706
5002,685
5003,664
5004,653
5005,645
5006,638
5007,633
5008,629
5009,626
5010,624
5011,632
5012,644
5013,656
5014,675
5015,695
5016,708
5017,714
5018,715
5019,715
5020,715
5021,715
5022,715
5023,715
5024,715
5025,715
5026,715
5027,717
5028,715
5029,715
5030,715
5031,715
5032,715
5033,715
5034,715
5035,712
5036,700
5037,686
5038,680
5039,674
5040,670
5041,667
5042,666
5043,665
5044,665
5045,665
5046,665
5047,665
5048,668
5049,681
5050,703
5051,721
5052,738
5053,745
5054,753
5055,760
5056,766
5057,771
5058,775
5059,776
5060,776
5061,776
5062,775
5063,759
5064,732
5065,698
5066,676
5067,661
5068,654
5069,646
5070,639
5071,635
5072,632
5073,631
5074,631
5075,632
5076,643
5077,670
5078,692
5079,709
5080,715
5081,723
5082,731
5083,734
5084,737
5085,739
5086,739
5087,739
5088,739
5089,732
5090,713
5091,698
5092,691
5093,686
5094,683
5095,682
5096,682
5097,682
5098,682
5099,682
5100,682
5101,682
5102,681
5103,678
5104,675
5105,670
5106,665
5107,657
5108,654
5109,652
5110,651
5111,652
5112,654
5113,658
5114,664
5115,678
5116,700
5117,724
5118,740
5119,747
5120,755
5121,761
5122,765
5123,768
5124,768
5125,768
5126,757
5127,730
5128,706
5129,691
5130,677
5131,672
5132,669
5133,668
5134,668
5135,668
5136,676
5137,694
5138,711
5139,718
5140,725
5141,728
5142,731
5143,732
5144,732
5145,732
5146,732
5147,711
5148,688
5149,673
5150,666
5151,659
5152,654
5153,649
5154,646
5155,645
5156,645
5157,645
5158,646
5159,660
5160,682
5161,702
5162,724
5163,730
5164,731
5165,731
5166,730
5167,728
5168,726
5169,722
5170,716
5171,711
5172,697
5173,683
5174,671
5175,666
5176,663
5177,660
5178,660
5179,662
5180,662
5181,664
5182,665
5183,668
5184,671
5185,675
5186,681
5187,694
5188,708
5189,713
5190,714
5191,714
5192,714
5193,714
5194,714
5195,719
5196,730
5197,746
5198,755
5199,762
5200,769
5201,775
5202,781
5203,786
5204,789
5205,792
5206,792
5207,792
5208,792
5209,792
5210,792
5211,785
5212,762
5213,739
5214,717
5215,692
5216,671
5217,657
5218,643
5219,630
5220,623
5221,618
5222,614
5223,612
5224,611
5225,613
5226,621
5227,632
5228,653
5229,673
5230,691
5231,713
5232,735
5233,747
5234,752
5235,758
5236,759
5237,759
5238,759
5239,758
5240,757
5241,755
5242,754
5243,751
5244,747
5245,742
5246,736
5247,727
5248,713
5249,698
5250,685
5251,671
5252,658
5253,644
5254,633
5255,626
5256,620
5257,615
5258,610
5259,606
5260,604
5261,603
5262,603
5263,604
5264,606
5265,614
5266,623
5267,640
5268,660
5269,682
5270,703
5271,727
5272,743
5273,758
5274,772
5275,778
5276,786
5277,792
5278,798
5279,802
5280,806
5281,809
5282,812
5283,813
5284,814
5285,814
5286,814
5287,814
5288,815
5289,805
5290,792
5291,774
5292,753
5293,732
5294,712
5295,691
5296,672
5297,660
5298,654
5299,649
5300,643
5301,638
5302,635
5303,632
5304,632
5305,633
5306,641
5307,653
5308,664
5309,681
5310,694
5311,714
5312,727
5313,740
5314,754
5315,767
5316,779
5317,784
5318,788
5319,791
5320,794
5321,796
5322,796
5323,796
5324,795
5325,791
5326,787
5327,775
5328,762
5329,739
5330,719
5331,703
5332,691
5333,678
5334,672
5335,667
5336,661
5337,659
5338,658
5339,657
5340,657
5341,658
5342,665
5343,676
5344,694
5345,716
5346,733
5347,741
5348,747
5349,753
5350,757
5351,759
5352,760
5353,760
5354,760
5355,760
5356,760
5357,760
5358,760
5359,760
5360,752
5361,736
5362,715
5363,700
5364,685
5365,677
5366,671
5367,665
5368,661
5369,657
5370,655
5371,654
5372,654
5373,654
5374,654
5375,654
5376,654
5377,654
5378,662
5379,676
5380,694
5381,716
5382,732
5383,739
5384,746
5385,751
5386,754
5387,757
5388,758
5389,756
5390,748
5391,738
5392,725
5393,711
5394,697
5395,685
5396,672
5397,660
5398,655
5399,648
5400,644
5401,640
5402,637
5403,636
5404,636
5405,638
5406,645
5407,654
5408,668
5409,686
5410,706
5411,721
5412,735
5413,748
5414,762
5415,768
5416,774
5417,782
5418,786
5419,791
5420,793
5421,793
5422,793
5423,793
5424,793
5425,793
5426,785
5427,773
5428,758
5429,739
5430,717
5431,703
5432,691
5433,679
5434,667
5435,662
5436,657
5437,651
5438,647
5439,644
5440,641
5441,639
5442,638
5443,638
5444,638
5445,639
5446,644
5447,650
5448,659
5449,668
5450,679
5451,689
5452,696
5453,702
5454,707
5455,713
5456,717
5457,723
5458,728
5459,733
5460,739
5461,744
5462,748
5463,752
5464,753
5465,754
5466,756
5467,757
5468,758
5469,759
5470,759
5471,759
5472,759
5473,760
5474,760
5475,760
5476,760
5477,760
5478,760
5479,760
5480,760
5481,760
5482,760
5483,760
5484,763
5485,765
5486,769
5487,772
5488,776
5489,778
5490,780
5491,780
5492,780
5493,780
5494,780
5495,780
5496,780
5497,780
5498,780
5499,780
5500,780
5501,780
5502,780
5503,780
5504,780
5505,777
5506,763
5507,749
5508,735
5509,717
5510,697
5511,686
5512,673
5513,658
5514,644
5515,629
5516,623
5517,618
5518,612
5519,609
5520,605
5521,603
5522,599
5523,596
5524,593
5525,591
5526,589
5527,586
5528,584
5529,580
5530,577
5531,574
5532,572
5533,570
5534,568
5535,566
5536,564
5537,563
5538,562
5539,562
5540,560
5541,560
5542,560
5543,560
5544,560
5545,560
5546,560
5547,560
5548,560
5549,560
5550,560
5551,561
5552,561
5553,561
5554,561
5555,561
5556,560
5557,560
5558,559
5559,558
5560,557
5561,556
5562,556
5563,555
5564,554
5565,554
5566,553
5567,552
5568,551
5569,551
5570,550
5571,549
5572,548
5573,548
5574,547
5575,547
5576,546
5577,546
5578,546
5579,546
5580,546
5581,546
5582,546
5583,546
5584,546
5585,546
5586,546
5587,546
5588,546
5589,547
5590,547
5591,547
5592,547
5593,548
5594,548
5595,548
5596,548
5597,549
5598,549
5599,550
5600,550
5601,550
5602,551
5603,551
5604,552
5605,552
5606,552
5607,553
5608,553
5609,553
5610,553
5611,553
5612,553
5613,553
5614,553
5615,553
5616,553
5617,553
5618,553
5619,553
5620,555
5621,556
5622,556
5623,557
5624,558
5625,558
5626,559
5627,560
5628,560
5629,561
5630,562
5631,562
5632,563
5633,564
5634,562
5635,564
5636,566
5637,566
5638,567
5639,566
5640,566
5641,566
5642,566
5643,566
5644,566
5645,566
5646,566
5647,564
5648,564
5649,564
5650,564
5651,566
5652,567
5653,568
5654,570
5655,572
5656,572
5657,574
5658,575
5659,577
5660,578
5661,580
5662,583
5663,587
5664,593
5665,598
5666,608
5667,616
5668,630
5669,644
5670,658
5671,675
5672,691
5673,704
5674,717
5675,736
5676,753
5677,772
5678,785
5679,798
5680,803
5681,809
5682,814
5683,817
5684,821
5685,822
5686,822
5687,822
5688,822
5689,822
5690,822
5691,822
5692,822
5693,822
5694,822
5695,822
5696,822
5697,817
5698,813
5699,811
5700,813
5701,814
5702,817
5703,821
5704,825
5705,828
5706,832
5707,834
5708,835
5709,835
5710,834
5711,834
5712,832
5713,828
5714,822
5715,810
5716,795
5717,778
5718,761
5719,745
5720,728
5721,712
5722,698
5723,684
5724,672
5725,660
5726,649
5727,640
5728,636
5729,634
5730,631
5731,628
5732,625
5733,622
5734,622
5735,622
5736,622
5737,622
5738,622
5739,622
5740,629
5741,646
5742,672
5743,691
5744,704
5745,711
5746,717
5747,722
5748,727
5749,730
5750,733
5751,734
5752,735
5753,735
5754,735
5755,735
5756,735
5757,734
5758,725
5759,706
5760,686
5761,673
5762,662
5763,650
5764,639
5765,634
5766,631
5767,628
5768,626
5769,625
5770,624
5771,623
5772,623
5773,624
5774,625
5775,626
5776,629
5777,632
5778,637
5779,648
5780,660
5781,673
5782,692
5783,712
5784,727
5785,742
5786,756
5787,767
5788,772
5789,773
5790,774
5791,774
5792,773
5793,774
5794,773
5795,772
5796,769
5797,766
5798,759
5799,752
5800,737
5801,723
5802,701
5803,682
5804,669
5805,658
5806,646
5807,640
5808,634
5809,631
5810,630
5811,630
5812,634
5813,646
5814,663
5815,682
5816,704
5817,719
5818,726
5819,731
5820,735
5821,735
5822,735
5823,735
5824,735
5825,735
5826,735
5827,732
5828,728
5829,723
5830,721
5831,721
5832,721
5833,723
5834,723
5835,723
5836,723
5837,723
5838,723
5839,721
5840,718
5841,713
5842,707
5843,693
5844,679
5845,666
5846,652
5847,645
5848,640
5849,636
5850,633
5851,629
5852,632
5853,645
5854,665
5855,686
5856,709
5857,724
5858,732
5859,740
5860,744
5861,747
5862,747
5863,740
5864,722
5865,699
5866,677
5867,662
5868,654
5869,649
5870,647
5871,645
5872,645
5873,646
5874,665
5875,687
5876,702
5877,718
5878,724
5879,727
5880,729
5881,729
5882,729
5883,729
5884,724
5885,720
5886,718
5887,715
5888,715
5889,713
5890,713
5891,713
5892,716
5893,718
5894,721
5895,722
5896,724
5897,724
5898,724
5899,724
5900,724
5901,714
5902,701
5903,695
5904,691
5905,689
5906,689
5907,689
5908,687
5909,687
5910,690
5911,699
5912,704
5913,707
5914,709
5915,709
5916,709
5917,709
5918,709
5919,709
5920,711
5921,713
5922,716
5923,718
5924,718
5925,718
5926,718
5927,719
5928,715
5929,709
5930,702
5931,689
5932,675
5933,670
5934,669
5935,669
5936,671
5937,677
5938,690
5939,710
5940,733
5941,749
5942,758
5943,761
5944,759
5945,755
5946,740
5947,725
5948,702
5949,680
5950,668
5951,665
5952,664
5953,666
5954,671
5955,684
5956,698
5957,720
5958,744
5959,759
5960,766
5961,773
5962,775
5963,776
5964,773
5965,761
5966,747
5967,723
5968,700
5969,681
5970,668
5971,665
5972,664
5973,665
5974,667
5975,672
5976,685
5977,698
5978,720
5979,736
5980,745
5981,747
5982,747
5983,745
5984,743
5985,739
5986,733
5987,726
5988,712
5989,709
5990,708
5991,708
5992,707
5993,697
5994,691
5995,687
5996,683
5997,683
5998,683
5999,683
6000,688
6001,702
6002,710
6003,714
6004,718
6005,719
6006,719
6007,719
6008,718
6009,702
6010,688
6011,681
6012,676
6013,670
6014,668
6015,667
6016,667
6017,667
6018,668
6019,687
6020,711
6021,736
6022,753
6023,761
6024,767
6025,774
6026,777
6027,779
6028,773
6029,753
6030,730
6031,705
6032,689
6033,682
6034,676
6035,672
6036,668
6037,672
6038,689
6039,713
6040,731
6041,748
6042,755
6043,760
6044,762
6045,763
6046,761
6047,744
6048,719
6049,694
6050,680
6051,672
6052,667
6053,664
6054,662
6055,667
6056,686
6057,709
6058,735
6059,750
6060,757
6061,763
6062,768
6063,769
6064,769
6065,754
6066,731
6067,705
6068,689
6069,674
6070,668
6071,663
6072,658
6073,656
6074,655
6075,655
6076,655
6077,673
6078,692
6079,717
6080,735
6081,744
6082,751
6083,757
6084,763
6085,763
6086,766
6087,763
6088,752
6089,730
6090,706
6091,687
6092,673
6093,660
6094,655
6095,653
6096,652
6097,652
6098,650
6099,651
6100,652
6101,654
6102,656
6103,661
6104,665
6105,670
6106,683
6107,696
6108,706
6109,708
6110,709
6111,709
6112,709
6113,709
6114,711
6115,719
6116,735
6117,742
6118,749
6119,757
6120,763
6121,768
6122,770
6123,772
6124,772
6125,770
6126,771
6127,762
6128,734
6129,711
6130,687
6131,666
6132,646
6133,632
6134,619
6135,607
6136,602
6137,597
6138,593
6139,590
6140,588
6141,587
6142,586
6143,586
6144,586
6145,586
6146,587
6147,587
6148,588
6149,589
6150,593
6151,596
6152,597
6153,600
6154,605
6155,615
6156,625
6157,636
6158,647
6159,656
6160,665
6161,669
6162,670
6163,670
6164,670
6165,670
6166,670
6167,672
6168,672
6169,672
6170,672
6171,672
6172,672
6173,672
6174,672
6175,672
6176,674
6177,681
6178,691
6179,704
6180,711
6181,719
6182,727
6183,732
6184,739
6185,746
6186,753
6187,758
6188,763
6189,765
6190,765
6191,765
6192,765
6193,765
6194,765
6195,765
6196,765
6197,765
6198,765
6199,765
6200,752
6201,730
6202,701
6203,671
6204,648
6205,622
6206,604
6207,587
6208,579
6209,570
6210,563
6211,557
6212,551
6213,549
6214,548
6215,548
6216,548
6217,548
6218,548
6219,548
6220,550
6221,550
6222,550
6223,550
6224,550
6225,555
6226,569
6227,589
6228,606
6229,620
6230,630
6231,635
6232,638
6233,640
6234,642
6235,645
6236,647
6237,648
6238,649
6239,650
6240,650
6241,650
6242,650
6243,651
6244,651
6245,652
6246,653
6247,654
6248,657
6249,660
6250,666
6251,671
6252,676
6253,684
6254,690
6255,702
6256,715
6257,728
6258,732
6259,738
6260,743
6261,747
6262,750
6263,750
6264,750
6265,750
6266,750
6267,751
6268,746
6269,737
6270,723
6271,708
6272,690
6273,671
6274,657
6275,651
6276,644
6277,640
6278,638
6279,636
6280,636
6281,636
6282,636
6283,636
6284,636
6285,636
6286,636
6287,635
6288,633
6289,630
6290,625
6291,621
6292,617
6293,612
6294,607
6295,603
6296,597
6297,596
6298,594
6299,594
6300,594
6301,595
6302,598
6303,602
6304,606
6305,616
6306,625
6307,636
6308,645
6309,656
6310,667
6311,672
6312,676
6313,679
6314,680
6315,679
6316,676
6317,668
6318,657
6319,645
6320,635
6321,625
6322,620
6323,615
6324,612
6325,609
6326,611
6327,611
6328,614
6329,619
6330,627
6331,640
6332,652
6333,665
6334,670
6335,674
6336,676
6337,678
6338,678
6339,678
6340,678
6341,678
6342,673
6343,663
6344,652
6345,645
6346,641
6347,638
6348,636
6349,635
6350,634
6351,634
6352,634
6353,635
6354,644
6355,661
6356,674
6357,685
6358,696
6359,702
6360,708
6361,716
6362,717
6363,717
6364,711
6365,703
6366,693
6367,681
6368,670
6369,658
6370,646
6371,635
6372,630
6373,627
6374,628
6375,627
6376,630
6377,635
6378,640
6379,645
6380,657
6381,669
6382,680
6383,692
6384,702
6385,705
6386,707
6387,708
6388,707
6389,704
6390,701
6391,695
6392,685
6393,673
6394,661
6395,650
6396,638
6397,632
6398,629
6399,628
6400,628
6401,628
6402,629
6403,632
6404,636
6405,640
6406,645
6407,651
6408,662
6409,673
6410,685
6411,696
6412,704
6413,709
6414,711
6415,713
6416,715
6417,715
6418,712
6419,709
6420,705
6421,699
6422,695
6423,690
6424,684
6425,679
6426,674
6427,662
6428,650
6429,640
6430,629
6431,625
6432,622
6433,621
6434,621
6435,622
6436,624
6437,628
6438,633
6439,644
6440,655
6441,666
6442,677
6443,689
6444,699
6445,709
6446,712
6447,715
6448,715
6449,712
6450,709
6451,705
6452,700
6453,695
6454,683
6455,673
6456,661
6457,650
6458,643
6459,639
6460,637
6461,636
6462,634
6463,636
6464,639
6465,641
6466,653
6467,670
6468,687
6469,703
6470,709
6471,714
6472,721
6473,726
6474,728
6475,728
6476,728
6477,728
6478,728
6479,730
6480,734
6481,745
6482,765
6483,772
6484,779
6485,787
6486,789
6487,793
6488,793
6489,793
6490,793
6491,793
6492,789
6493,772
6494,752
6495,730
6496,705
6497,686
6498,673
6499,667
6500,665
6501,665
6502,665
6503,665
6504,665
6505,661
6506,651
6507,636
6508,618
6509,608
6510,600
6511,591
6512,585
6513,578
6514,573
6515,569
6516,566
6517,563
6518,562
6519,560
6520,560
6521,560
6522,560
6523,560
6524,560
6525,560
6526,560
6527,560
6528,562
6529,562
6530,562
6531,562
6532,562
6533,562
6534,562
6535,562
6536,566
6537,579
6538,593
6539,608
6540,625
6541,643
6542,656
6543,667
6544,678
6545,688
6546,699
6547,708
6548,714
6549,720
6550,726
6551,730
6552,735
6553,740
6554,743
6555,746
6556,748
6557,751
6558,753
6559,755
6560,757
6561,758
6562,759
6563,760
6564,760
6565,761
6566,761
6567,761
6568,763
6569,763
6570,763
6571,763
6572,763
6573,763
6574,763
6575,763
6576,763
6577,763
6578,761
6579,761
6580,761
6581,761
6582,761
6583,761
6584,761
6585,761
6586,761
6587,761
6588,761
6589,763
6590,763
6591,764
6592,764
6593,765
6594,767
6595,771
6596,773
6597,774
6598,777
6599,778
6600,780
6601,781
6602,784
6603,785
6604,787
6605,790
6606,791
6607,792
6608,795
6609,796
6610,797
6611,798
6612,799
6613,802
6614,803
6615,804
6616,805
6617,807
6618,808
6619,809
6620,809
6621,808
6622,808
6623,808
6624,807
6625,805
6626,805
6627,804
6628,802
6629,798
6630,792
6631,786
6632,779
6633,772
6634,765
6635,757
6636,749
6637,742
6638,732
6639,723
6640,711
6641,699
6642,690
6643,683
6644,679
6645,676
6646,671
6647,668
6648,665
6649,663
6650,661
6651,661
6652,661
6653,662
6654,664
6655,665
6656,665
6657,665
6658,665
6659,665
6660,665
6661,665
6662,665
6663,665
6664,665
6665,665
6666,669
6667,675
6668,683
6669,690
6670,695
6671,698
6672,700
6673,702
6674,702
6675,702
6676,701
6677,700
6678,699
6679,699
6680,699
6681,699
6682,699
6683,699
6684,699
6685,699
6686,700
6687,701
6688,701
6689,702
6690,705
6691,707
6692,712
6693,717
6694,724
6695,732
6696,739
6697,755
6698,770
6699,779
6700,785
6701,791
6702,796
6703,799
6704,800
6705,802
6706,800
6707,797
6708,793
6709,782
6710,767
6711,743
6712,717
6713,693
6714,672
6715,658
6716,643
6717,629
6718,623
6719,616
6720,611
6721,605
6722,600
6723,597
6724,593
6725,591
6726,589
6727,588
6728,587
6729,587
6730,587
6731,587
6732,587
6733,587
6734,587
6735,598
6736,617
6737,633
6738,650
6739,668
6740,686
6741,706
6742,719
6743,734
6744,741
6745,748
6746,754
6747,759
6748,762
6749,763
6750,763
6751,758
6752,740
6753,719
6754,698
6755,680
6756,667
6757,657
6758,653
6759,653
6760,656
6761,660
6762,670
6763,683
6764,704
6765,718
6766,732
6767,740
6768,746
6769,750
6770,753
6771,754
6772,754
6773,754
6774,754
6775,754
6776,749
6777,731
6778,712
6779,692
6780,678
6781,670
6782,665
6783,660
6784,654
6785,652
6786,650
6787,650
6788,649
6789,649
6790,649
6791,649
6792,649
6793,649
6794,651
6795,659
6796,662
6797,664
6798,664
6799,664
6800,663
6801,663
6802,663
6803,663
6804,664
6805,664
6806,667
6807,670
6808,677
6809,691
6810,698
6811,700
6812,701
6813,701
6814,700
6815,699
6816,696
6817,692
6818,685
6819,673
6820,661
6821,653
6822,649
6823,647
6824,646
6825,646
6826,647
6827,648
6828,649
6829,652
6830,656
6831,663
6832,677
6833,691
6834,706
6835,721
6836,738
6837,745
6838,752
6839,758
6840,763
6841,767
6842,769
6843,769
6844,761
6845,742
6846,717
6847,694
6848,673
6849,652
6850,640
6851,626
6852,619
6853,613
6854,608
6855,605
6856,601
6857,602
6858,602
6859,608
6860,623
6861,641
6862,661
6863,679
6864,687
6865,687
6866,687
6867,687
6868,687
6869,685
6870,682
6871,678
6872,673
6873,667
6874,660
6875,659
6876,659
6877,659
6878,659
6879,659
6880,660
6881,665
6882,670
6883,683
6884,696
6885,706
6886,712
6887,713
6888,713
6889,712
6890,708
6891,704
6892,698
6893,684
6894,669
6895,656
6896,650
6897,646
6898,647
6899,656
6900,671
6901,693
6902,709
6903,725
6904,731
6905,735
6906,736
6907,737
6908,737
6909,737
6910,736
6911,736
6912,732
6913,730
6914,730
6915,731
6916,735
6917,736
6918,737
6919,739
6920,739
6921,739
6922,738
6923,735
6924,726
6925,722
6926,706
6927,692
6928,679
6929,666
6930,659
6931,654
6932,653
6933,658
6934,670
6935,689
6936,712
6937,735
6938,750
6939,763
6940,767
6941,768
6942,767
6943,761
6944,746
6945,724
6946,701
6947,690
6948,688
6949,689
6950,692
6951,698
6952,713
6953,730
6954,741
6955,743
6956,743
6957,742
6958,737
6959,731
6960,717
6961,701
6962,684
6963,683
6964,683
6965,684
6966,687
6967,693
6968,706
6969,722
6970,744
6971,759
6972,765
6973,767
6974,765
6975,759
6976,743
6977,721
6978,698
6979,684
6980,678
6981,676
6982,678
6983,690
6984,704
6985,726
6986,742
6987,756
6988,763
6989,765
6990,766
6991,761
6992,745
6993,721
6994,699
6995,684
6996,680
6997,674
6998,670
6999,669
7000,671
7001,686
7002,708
7003,732
7004,745
7005,753
7006,759
7007,761
7008,760
7009,747
7010,724
7011,701
7012,687
7013,675
7014,672
7015,672
7016,674
7017,679
7018,692
7019,706
7020,728
7021,752
7022,761
7023,763
7024,761
7025,759
7026,756
7027,750
7028,744
7029,731
7030,716
7031,711
7032,711
7033,711
7034,711
7035,709
7036,709
7037,707
7038,705
7039,705
7040,705
7041,705
7042,705
7043,706
7044,715
7045,720
7046,726
7047,731
7048,733
7049,733
7050,733
7051,733
7052,725
7053,710
7054,694
7055,688
7056,685
7057,683
7058,683
7059,683
7060,685
7061,700
7062,716
7063,723
7064,730
7065,732
7066,732
7067,732
7068,731
7069,715
7070,700
7071,693
7072,690
7073,688
7074,688
7075,688
7076,688
7077,689
7078,693
7079,696
7080,698
7081,698
7082,698
7083,698
7084,698
7085,698
7086,699
7087,700
7088,705
7089,711
7090,726
7091,739
7092,744
7093,745
7094,745
7095,743
7096,742
7097,741
7098,738
7099,733
7100,728
7101,713
7102,700
7103,694
7104,693
7105,693
7106,693
7107,693
7108,693
7109,692
7110,693
7111,692
7112,689
7113,686
7114,682
7115,679
7116,677
7117,676
7118,676
7119,676
7120,676
7121,676
7122,676
7123,681
7124,694
7125,708
7126,716
7127,723
7128,728
7129,733
7130,738
7131,742
7132,744
7133,749
7134,750
7135,748
7136,737
7137,730
7138,718
7139,705
7140,692
7141,682
7142,670
7143,663
7144,662
7145,662
7146,662
7147,662
7148,662
7149,660
7150,655
7151,651
7152,646
7153,642
7154,639
7155,638
7156,636
7157,636
7158,636
7159,636
7160,636
7161,636
7162,645
7163,659
7164,675
7165,690
7166,701
7167,714
7168,725
7169,738
7170,744
7171,749
7172,754
7173,759
7174,762
7175,762
7176,761
7177,759
7178,749
7179,738
7180,726
7181,714
7182,702
7183,693
7184,681
7185,671
7186,662
7187,651
7188,641
7189,633
7190,627
7191,624
7192,619
7193,616
7194,613
7195,611
7196,608
7197,607
7198,607
7199,606
7200,606
7201,607
7202,607
7203,607
7204,607
7205,607
7206,608
7207,610
7208,610
7209,612
7210,613
7211,615
7212,617
7213,619
7214,620
7215,622
7216,622
7217,622
7218,619
7219,618
7220,616
7221,616
7222,615
7223,615
7224,615
7225,615
7226,615
7227,615
7228,615
7229,613
7230,613
7231,613
7232,613
7233,613
7234,613
7235,613
7236,613
7237,613
7238,615
7239,615
7240,615
7241,615
7242,615
7243,615
7244,613
7245,613
7246,613
7247,614
7248,615
7249,618
7250,622
7251,629
7252,635
7253,644
7254,651
7255,661
7256,669
7257,680
7258,684
7259,688
7260,691
7261,696
7262,699
7263,702
7264,705
7265,708
7266,713
7267,715
7268,718
7269,720
7270,721
7271,723
7272,726
7273,727
7274,729
7275,731
7276,730
7277,732
7278,733
7279,736
7280,737
7281,739
7282,740
7283,742
7284,744
7285,745
7286,748
7287,749
7288,750
7289,751
7290,752
7291,754
7292,754
7293,754
7294,754
7295,754
7296,754
7297,754
7298,754
7299,754
7300,754
7301,754
7302,754
7303,754
7304,754
7305,754
7306,754
7307,754
7308,754
7309,754
7310,754
7311,754
7312,754
7313,750
7314,742
7315,726
7316,705
7317,687
7318,669
7319,653
7320,635
7321,615
7322,603
7323,594
7324,583
7325,578
7326,571
7327,565
7328,561
7329,557
7330,554
7331,550
7332,547
7333,545
7334,543
7335,541
7336,540
7337,539
7338,537
7339,536
7340,535
7341,534
7342,533
7343,533
7344,531
7345,531
7346,531
7347,531
7348,531
7349,531
7350,531
7351,531
7352,531
7353,531
7354,531
7355,531
7356,531
7357,531
7358,531
7359,531
7360,531
7361,531
7362,531
7363,531
7364,541
7365,561
7366,584
7367,604
7368,624
7369,637
7370,642
7371,647
7372,650
7373,651
7374,651
7375,651
7376,651
7377,651
7378,651
7379,651
7380,651
7381,651
7382,652
7383,652
7384,654
7385,658
7386,662
7387,669
7388,683
7389,695
7390,709
7391,722
7392,735
7393,747
7394,757
7395,763
7396,768
7397,773
7398,776
7399,779
7400,781
7401,782
7402,783
7403,787
7404,787
7405,787
7406,787
7407,787
7408,786
7409,777
7410,764
7411,740
7412,719
7413,696
7414,683
7415,677
7416,674
7417,670
7418,670
7419,670
7420,670
7421,670
7422,670
7423,672
7424,706
7425,757
7426,801
7427,833
7428,861
7429,890
7430,914
7431,932
7432,945
7433,954
7434,958
7435,963
7436,966
7437,969
7438,970
7439,970
7440,970
7441,970
7442,970
7443,970
7444,970
7445,968
7446,962
7447,943
7448,925
7449,905
7450,899
7451,894
7452,891
7453,889
7454,887
7455,884
7456,881
7457,878
7458,873
7459,870
7460,865
7461,860
7462,855
7463,849
7464,841
7465,823
7466,797
7467,772
7468,749
7469,730
7470,714
7471,705
7472,701
7473,698
7474,696
7475,695
7476,695
7477,695
7478,695
7479,695
7480,695
7481,698
7482,710
7483,721
7484,729
7485,735
7486,738
7487,740
7488,742
7489,742
7490,742
7491,742
7492,742
7493,742
7494,738
7495,732
7496,723
7497,717
7498,713
7499,712
7500,713
7501,718
7502,723
7503,723
7504,723
7505,723
7506,723
7507,723
7508,726
7509,729
7510,734
7511,737
7512,740
7513,739
7514,740
7515,740
7516,739
7517,739
7518,739
7519,739
7520,721
7521,686
7522,660
7523,641
7524,625
7525,617
7526,610
7527,603
7528,598
7529,594
7530,591
7531,587
7532,587
7533,587
7534,587
7535,591
7536,610
7537,640
7538,673
7539,696
7540,713
7541,720
7542,726
7543,731
7544,732
7545,728
7546,712
7547,678
7548,655
7549,630
7550,615
7551,607
7552,602
7553,598
7554,593
7555,593
7556,593
7557,601
7558,624
7559,655
7560,681
7561,698
7562,705
7563,711
7564,715
7565,716
7566,716
7567,716
7568,716
7569,716
7570,712
7571,691
7572,669
7573,652
7574,645
7575,639
7576,635
7577,632
7578,632
7579,632
7580,632
7581,632
7582,633
7583,648
7584,662
7585,667
7586,671
7587,674
7588,675
7589,675
7590,675
7591,675
7592,675
7593,670
7594,658
7595,651
7596,645
7597,642
7598,640
7599,638
7600,638
7601,636
7602,636
7603,637
7604,655
7605,680
7606,697
7607,703
7608,708
7609,711
7610,712
7611,712
7612,712
7613,712
7614,712
7615,714
7616,718
7617,724
7618,730
7619,737
7620,740
7621,742
7622,740
7623,737
7624,731
7625,714
7626,689
7627,666
7628,643
7629,636
7630,628
7631,624
7632,622
7633,621
7634,629
7635,661
7636,686
7637,711
7638,729
7639,736
7640,742
7641,747
7642,749
7643,749
7644,733
7645,700
7646,676
7647,660
7648,652
7649,645
7650,640
7651,637
7652,635
7653,635
7654,635
7655,636
7656,661
7657,685
7658,701
7659,709
7660,716
7661,721
7662,722
7663,722
7664,724
7665,703
7666,679
7667,656
7668,648
7669,648
7670,650
7671,655
7672,671
7673,694
7674,721
7675,739
7676,746
7677,750
7678,747
7679,744
7680,729
7681,702
7682,677
7683,661
7684,654
7685,647
7686,641
7687,638
7688,636
7689,645
7690,666
7691,689
7692,715
7693,733
7694,740
7695,747
7696,755
7697,758
7698,762
7699,762
7700,759
7701,741
7702,720
7703,694
7704,673
7705,658
7706,643
7707,636
7708,630
7709,624
7710,622
7711,622
7712,624
7713,649
7714,677
7715,700
7716,715
7717,722
7718,727
7719,729
7720,731
7721,725
7722,703
7723,682
7724,668
7725,660
7726,655
7727,651
7728,649
7729,653
7730,672
7731,693
7732,716
7733,732
7734,739
7735,745
7736,749
7737,747
7738,743
7739,729
7740,708
7741,685
7742,671
7743,656
7744,650
7745,644
7746,641
7747,639
7748,640
7749,652
7750,671
7751,693
7752,718
7753,733
7754,741
7755,747
7756,753
7757,756
7758,757
7759,757
7760,753
7761,728
7762,704
7763,689
7764,682
7765,676
7766,672
7767,671
7768,671
7769,671
7770,677
7771,698
7772,713
7773,721
7774,727
7775,732
7776,734
7777,735
7778,735
7779,734
7780,716
7781,701
7782,687
7783,682
7784,678
7785,676
7786,675
7787,675
7788,676
7789,690
7790,713
7791,729
7792,736
7793,742
7794,745
7795,746
7796,746
7797,745
7798,729
7799,705
7800,690
7801,684
7802,679
7803,677
7804,676
7805,676
7806,676
7807,680
7808,692
7809,698
7810,704
7811,708
7812,709
7813,709
7814,709
7815,709
7816,709
7817,709
7818,709
7819,709
7820,709
7821,708
7822,709
7823,709
7824,709
7825,709
7826,711
7827,709
7828,706
7829,702
7830,696
7831,690
7832,688
7833,688
7834,688
7835,688
7836,690
7837,693
7838,698
7839,712
7840,728
7841,739
7842,743
7843,746
7844,746
7845,746
7846,743
7847,740
7848,735
7849,728
7850,714
7851,698
7852,685
7853,674
7854,668
7855,667
7856,667
7857,669
7858,673
7859,678
7860,691
7861,704
7862,718
7863,734
7864,747
7865,752
7866,753
7867,753
7868,750
7869,748
7870,742
7871,736
7872,721
7873,706
7874,688
7875,684
7876,683
7877,683
7878,684
7879,685
7880,689
7881,693
7882,699
7883,714
7884,728
7885,735
7886,736
7887,736
7888,736
7889,735
7890,734
7891,731
7892,725
7893,719
7894,707
7895,703
7896,703
7897,703
7898,703
7899,697
7900,693
7901,688
7902,686
7903,685
7904,685
7905,685
7906,685
7907,685
7908,688
7909,690
7910,692
7911,694
7912,694
7913,694
7914,694
7915,694
7916,691
7917,684
7918,678
7919,675
7920,674
7921,673
7922,673
7923,673
7924,673
7925,675
7926,684
7927,697
7928,703
7929,708
7930,710
7931,711
7932,711
7933,711
7934,710
7935,699
7936,678
7937,663
7938,657
7939,651
7940,645
7941,641
7942,640
7943,640
7944,640
7945,649
7946,670
7947,692
7948,707
7949,714
7950,720
7951,724
7952,727
7953,729
7954,731
7955,717
7956,694
7957,673
7958,659
7959,645
7960,639
7961,633
7962,631
7963,633
7964,642
7965,654
7966,676
7967,696
7968,711
7969,724
7970,732
7971,737
7972,738
7973,736
7974,734
7975,728
7976,713
7977,698
7978,684
7979,671
7980,658
7981,645
7982,639
7983,632
7984,626
7985,623
7986,622
7987,624
7988,633
7989,646
7990,666
7991,685
7992,706
7993,722
7994,736
7995,743
7996,750
7997,754
7998,754
7999,753
8000,749
8001,744
8002,731
8003,718
8004,704
8005,691
8006,679
8007,666
8008,653
8009,641
8010,637
8011,635
8012,634
8013,634
8014,635
8015,636
8016,637
8017,639
8018,641
8019,644
8020,648
8021,653
8022,658
8023,670
8024,681
8025,692
8026,697
8027,701
8028,702
8029,703
8030,704
8031,704
8032,704
8033,704
8034,704
8035,704
8036,704
8037,709
8038,712
8039,716
8040,717
8041,721
8042,722
8043,723
8044,724
8045,724
8046,724
8047,724
8048,724
8049,721
8050,700
8051,675
8052,649
8053,630
8054,618
8055,612
8056,607
8057,601
8058,598
8059,595
8060,593
8061,593
8062,592
8063,593
8064,600
8065,612
8066,626
8067,639
8068,644
8069,649
8070,654
8071,660
8072,664
8073,669
8074,673
8075,677
8076,681
8077,685
8078,692
8079,693
8080,693
8081,692
8082,688
8083,686
8084,677
8085,666
8086,657
8087,644
8088,634
8089,624
8090,612
8091,602
8092,592
8093,582
8094,576
8095,572
8096,568
8097,564
8098,560
8099,557
8100,556
8101,556
8102,556
8103,556
8104,556
8105,557
8106,563
8107,572
8108,587
8109,605
8110,622
8111,638
8112,654
8113,670
8114,679
8115,691
8116,700
8117,710
8118,715
8119,717
8120,718
8121,718
8122,718
8123,712
8124,704
8125,694
8126,686
8127,675
8128,666
8129,656
8130,646
8131,644
8132,640
8133,635
8134,633
8135,632
8136,633
8137,635
8138,643
8139,652
8140,664
8141,676
8142,686
8143,698
8144,709
8145,719
8146,728
8147,739
8148,745
8149,748
8150,751
8151,752
8152,752
8153,752
8154,752
8155,752
8156,752
8157,746
8158,735
8159,722
8160,711
8161,708
8162,705
8163,704
8164,703
8165,703
8166,704
8167,704
8168,704
8169,704
8170,704
8171,704
8172,704
8173,704
8174,704
8175,704
8176,703
8177,702
8178,698
8179,695
8180,690
8181,686
8182,680
8183,675
8184,673
8185,672
8186,672
8187,672
8188,672
8189,674
8190,674
8191,674
8192,674
8193,673
8194,673
8195,673
8196,673
8197,673
8198,673
8199,673
8200,674
8201,674
8202,674
8203,674
8204,674
8205,674
8206,674
8207,674
8208,674
8209,674
8210,677
8211,680
8212,681
8213,684
8214,687
8215,688
8216,690
8217,691
8218,692
8219,692
8220,692
8221,692
8222,692
8223,692
8224,692
8225,690
8226,677
8227,665
8228,652
8229,639
8230,631
8231,626
8232,621
8233,618
8234,616
8235,614
8236,614
8237,614
8238,614
8239,615
8240,620
8241,634
8242,646
8243,659
8244,671
8245,683
8246,695
8247,708
8248,721
8249,734
8250,746
8251,752
8252,757
8253,761
8254,766
8255,771
8256,775
8257,776
8258,778
8259,778
8260,778
8261,777
8262,776
8263,775
8264,773
8265,772
8266,771
8267,771
8268,771
8269,770
8270,770
8271,770
8272,770
8273,770
8274,770
8275,770
8276,770
8277,770
8278,770
8279,770
8280,771
8281,771
8282,772
8283,775
8284,778
8285,782
8286,784
8287,785
8288,785
8289,785
8290,785
8291,785
8292,785
8293,785
8294,785
8295,785
8296,785
8297,785
8298,785
8299,778
8300,758
8301,728
8302,704
8303,680
8304,667
8305,661
8306,656
8307,649
8308,645
8309,642
8310,638
8311,636
8312,635
8313,635
8314,635
8315,635
8316,635
8317,636
8318,637
8319,637
8320,637
8321,637
8322,637
8323,637
8324,637
8325,637
8326,641
8327,644
8328,647
8329,650
8330,654
8331,655
8332,656
8333,656
8334,656
8335,656
8336,655
8337,656
8338,656
8339,656
8340,656
8341,656
8342,656
8343,657
8344,657
8345,658
8346,661
8347,664
8348,668
8349,675
8350,681
8351,695
8352,710
8353,725
8354,740
8355,754
8356,760
8357,767
8358,772
8359,776
8360,779
8361,780
8362,780
8363,780
8364,776
8365,761
8366,736
8367,704
8368,682
8369,661
8370,650
8371,637
8372,631
8373,626
8374,621
8375,617
8376,616
8377,616
8378,616
8379,614
8380,614
8381,614
8382,619
8383,640
8384,664
8385,678
8386,682
8387,688
8388,693
8389,696
8390,697
8391,697
8392,697
8393,697
8394,697
8395,696
8396,683
8397,669
8398,655
8399,648
8400,642
8401,639
8402,636
8403,636
8404,636
8405,636
8406,642
8407,662
8408,683
8409,699
8410,716
8411,724
8412,733
8413,740
8414,746
8415,751
8416,753
8417,757
8418,757
8419,757
8420,757
8421,757
8422,747
8423,728
8424,705
8425,682
8426,661
8427,647
8428,634
8429,621
8430,615
8431,609
8432,603
8433,597
8434,595
8435,590
8436,587
8437,586
8438,586
8439,586
8440,587
8441,602
8442,625
8443,650
8444,671
8445,691
8446,705
8447,721
8448,728
8449,731
8450,730
8451,727
8452,716
8453,704
8454,682
8455,668
8456,654
8457,641
8458,634
8459,629
8460,622
8461,617
8462,615
8463,614
8464,614
8465,614
8466,620
8467,638
8468,663
8469,684
8470,699
8471,708
8472,715
8473,721
8474,725
8475,728
8476,728
8477,728
8478,728
8479,728
8480,728
8481,728
8482,728
8483,728
8484,722
8485,718
8486,715
8487,714
8488,712
8489,714
8490,715
8491,716
8492,716
8493,718
8494,718
8495,718
8496,718
8497,717
8498,713
8499,708
8500,700
8501,686
8502,673
8503,663
8504,659
8505,658
8506,659
8507,661
8508,666
8509,679
8510,693
8511,716
8512,731
8513,742
8514,748
8515,751
8516,751
8517,743
8518,725
8519,701
8520,679
8521,664
8522,658
8523,653
8524,650
8525,649
8526,649
8527,649
8528,663
8529,683
8530,698
8531,706
8532,711
8533,716
8534,718
8535,718
8536,718
8537,718
8538,718
8539,718
8540,709
8541,697
8542,691
8543,688
8544,686
8545,685
8546,687
8547,687
8548,687
8549,685
8550,685
8551,686
8552,686
8553,686
8554,688
8555,686
8556,686
8557,686
8558,688
8559,686
8560,683
8561,680
8562,679
8563,678
8564,678
8565,678
8566,680
8567,697
8568,713
8569,722
8570,728
8571,735
8572,738
8573,741
8574,742
8575,742
8576,731
8577,710
8578,694
8579,679
8580,673
8581,669
8582,667
8583,667
8584,667
8585,669
8586,683
8587,697
8588,713
8589,719
8590,723
8591,724
8592,724
8593,724
8594,724
8595,724
8596,725
8597,724
8598,723
8599,723
8600,724
8601,722
8602,722
8603,724
8604,723
8605,722
8606,717
8607,712
8608,707
8609,707
8610,707
8611,705
8612,705
8613,709
8614,715
8615,722
8616,729
8617,733
8618,733
8619,731
8620,729
8621,722
8622,705
8623,684
8624,670
8625,663
8626,660
8627,659
8628,662
8629,679
8630,693
8631,699
8632,705
8633,706
8634,706
8635,707
8636,707
8637,707
8638,706
8639,704
8640,704
8641,705
8642,705
8643,705
8644,705
8645,704
8646,700
8647,696
8648,690
8649,677
8650,667
8651,665
8652,665
8653,666
8654,668
8655,673
8656,687
8657,701
8658,713
8659,725
8660,729
8661,729
8662,725
8663,721
8664,713
8665,698
8666,684
8667,670
8668,665
8669,664
8670,667
8671,680
8672,693
8673,715
8674,730
8675,737
8676,743
8677,743
8678,734
8679,718
8680,696
8681,684
8682,684
8683,684
8684,685
8685,688
8686,694
8687,704
8688,705
8689,705
8690,705
8691,705
8692,705
8693,704
8694,705
8695,705
8696,705
8697,705
8698,699
8699,688
8700,682
8701,677
8702,675
8703,675
8704,675
8705,685
8706,707
8707,723
8708,730
8709,736
8710,741
8711,742
8712,733
8713,719
8714,697
8715,677
8716,664
8717,659
8718,658
8719,660
8720,666
8721,679
8722,699
8723,716
8724,718
8725,718
8726,717
8727,713
8728,708
8729,701
8730,688
8731,676
8732,669
8733,668
8734,667
8735,668
8736,669
8737,672
8738,678
8739,692
8740,706
8741,729
8742,735
8743,737
8744,737
8745,736
8746,732
8747,726
8748,713
8749,698
8750,685
8751,679
8752,679
8753,680
8754,683
8755,689
8756,704
8757,718
8758,732
8759,746
8760,761
8761,767
8762,769
8763,767
8764,762
8765,748
8766,726
8767,705
8768,690
8769,684
8770,680
8771,679
8772,683
8773,700
8774,723
8775,737
8776,753
8777,760
8778,763
8779,766
8780,763
8781,746
8782,723
8783,709
8784,695
8785,688
8786,686
8787,686
8788,692
8789,714
8790,736
8791,751
8792,756
8793,763
8794,769
8795,773
8796,768
8797,748
8798,725
8799,704
8800,691
8801,683
8802,679
8803,678
8804,682
8805,694
8806,716
8807,731
8808,746
8809,752
8810,754
8811,751
8812,738
8813,715
8814,692
8815,680
8816,671
8817,667
8818,668
8819,678
8820,698
8821,713
8822,721
8823,723
8824,724
8825,724
8826,710
8827,689
8828,675
8829,669
8830,666
8831,666
8832,666
8833,677
8834,690
8835,698
8836,701
8837,702
8838,702
8839,702
8840,701
8841,693
8842,688
8843,686
8844,686
8845,686
8846,686
8847,687
8848,693
8849,696
8850,698
8851,698
8852,698
8853,698
8854,698
8855,700
8856,705
8857,712
8858,728
8859,737
8860,740
8861,739
8862,735
8863,729
8864,715
8865,699
8866,693
8867,690
8868,691
8869,703
8870,718
8871,734
8872,740
8873,742
8874,742
8875,741
8876,729
8877,723
8878,719
8879,718
8880,718
8881,723
8882,737
8883,743
8884,746
8885,747
8886,747
8887,747
8888,737
8889,725
8890,722
8891,719
8892,719
8893,719
8894,733
8895,748
8896,755
8897,759
8898,761
8899,761
8900,760
8901,742
8902,720
8903,705
8904,698
8905,695
8906,693
8907,693
8908,695
8909,714
8910,736
8911,750
8912,756
8913,755
8914,755
8915,753
8916,749
8917,743
8918,737
8919,726
8920,725
8921,725
8922,723
8923,701
8924,686
8925,672
8926,664
8927,662
8928,662
8929,662
8930,662
8931,662
8932,662
8933,657
8934,651
8935,646
8936,644
8937,638
8938,634
8939,630
8940,627
8941,625
8942,623
8943,623
8944,624
8945,627
8946,631
8947,640
8948,650
8949,660
8950,670
8951,678
8952,678
8953,678
8954,678
8955,678
8956,678
8957,679
8958,683
8959,694
8960,700
8961,706
8962,711
8963,717
8964,723
8965,728
8966,732
8967,737
8968,742
8969,747
8970,753
8971,755
8972,759
8973,759
8974,758
8975,757
8976,755
8977,756
8978,755
8979,753
8980,750
8981,748
8982,742
8983,739
8984,735
8985,732
8986,727
8987,723
8988,718
8989,715
8990,710
8991,708
8992,707
8993,707
8994,708
8995,708
8996,708
8997,709
8998,709
8999,709
9000,710
9001,712
9002,711
9003,711
9004,711
9005,712
9006,714
9007,715
9008,716
9009,720
9010,723
9011,727
9012,732
9013,741
9014,748
9015,755
9016,762
9017,769
9018,777
9019,783
9020,787
9021,792
9022,797
9023,801
9024,803
9025,805
9026,808
9027,810
9028,811
9029,813
9030,813
9031,814
9032,817
9033,820
9034,823
9035,824
9036,827
9037,829
9038,832
9039,834
9040,838
9041,840
9042,844
9043,848
9044,852
9045,856
9046,860
9047,864
9048,870
9049,873
9050,878
9051,882
9052,885
9053,890
9054,894
9055,899
9056,902
9057,907
9058,912
9059,916
9060,918
9061,920
9062,922
9063,923
9064,924
9065,924
9066,925
9067,928
9068,928
9069,929
9070,930
9071,931
9072,931
9073,932
9074,932
9075,932
9076,934
9077,934
9078,934
9079,934
9080,935
9081,935
9082,935
9083,936
9084,936
9085,936
9086,936
9087,937
9088,937
9089,937
9090,937
9091,937
9092,937
9093,937
9094,937
9095,937
9096,937
9097,937
9098,937
9099,936
9100,935
9101,934
9102,931
9103,923
9104,904
9105,873
9106,836
9107,803
9108,776
9109,759
9110,750
9111,742
9112,736
9113,732
9114,729
9115,728
9116,728
9117,728
9118,728
9119,728
9120,728
9121,728
9122,728
9123,728
9124,728
9125,728
9126,728
9127,726
9128,725
9129,722
9130,719
9131,714
9132,711
9133,706
9134,701
9135,697
9136,694
9137,690
9138,685
9139,683
9140,681
9141,677
9142,675
9143,675
9144,675
9145,676
9146,678
9147,682
9148,693
9149,706
9150,729
9151,755
9152,773
9153,790
9154,808
9155,827
9156,834
9157,841
9158,847
9159,853
9160,857
9161,859
9162,860
9163,860
9164,860
9165,860
9166,860
9167,860
9168,851
9169,826
9170,794
9171,772
9172,747
9173,724
9174,708
9175,695
9176,688
9177,682
9178,677
9179,672
9180,669
9181,667
9182,667
9183,667
9184,667
9185,667
9186,669
9187,687
9188,706
9189,729
9190,751
9191,770
9192,780
9193,783
9194,786
9195,786
9196,786
9197,786
9198,785
9199,785
9200,783
9201,781
9202,779
9203,776
9204,772
9205,767
9206,760
9207,748
9208,739
9209,730
9210,726
9211,723
9212,719
9213,718
9214,716
9215,715
9216,715
9217,717
9218,718
9219,719
9220,720
9221,723
9222,725
9223,726
9224,729
9225,731
9226,733
9227,736
9228,739
9229,744
9230,750
9231,757
9232,772
9233,784
9234,799
9235,815
9236,829
9237,836
9238,842
9239,851
9240,855
9241,860
9242,863
9243,861
9244,854
9245,846
9246,829
9247,808
9248,785
9249,761
9250,738
9251,723
9252,709
9253,703
9254,696
9255,693
9256,691
9257,690
9258,690
9259,690
9260,690
9261,690
9262,691
9263,709
9264,730
9265,746
9266,753
9267,759
9268,762
9269,763
9270,765
9271,765
9272,767
9273,767
9274,767
9275,767
9276,766
9277,763
9278,760
9279,756
9280,755
9281,755
9282,755
9283,756
9284,756
9285,756
9286,756
9287,756
9288,755
9289,753
9290,749
9291,744
9292,734
9293,726
9294,723
9295,721
9296,718
9297,718
9298,721
9299,725
9300,732
9301,751
9302,768
9303,783
9304,792
9305,798
9306,801
9307,804
9308,804
9309,798
9310,773
9311,748
9312,731
9313,711
9314,705
9315,700
9316,700
9317,699
9318,697
9319,697
9320,697
9321,697
9322,704
9323,718
9324,735
9325,740
9326,746
9327,750
9328,752
9329,752
9330,752
9331,752
9332,752
9333,749
9334,720
9335,697
9336,683
9337,675
9338,670
9339,665
9340,664
9341,663
9342,668
9343,684
9344,706
9345,722
9346,730
9347,736
9348,740
9349,737
9350,734
9351,728
9352,721
9353,715
9354,707
9355,700
9356,694
9357,691
9358,688
9359,691
9360,715
9361,744
9362,774
9363,803
9364,824
9365,829
9366,829
9367,829
9368,828
9369,823
9370,809
9371,787
9372,765
9373,743
9374,724
9375,718
9376,717
9377,718
9378,723
9379,730
9380,747
9381,771
9382,787
9383,805
9384,813
9385,818
9386,821
9387,822
9388,822
9389,822
9390,816
9391,792
9392,769
9393,757
9394,750
9395,746
9396,745
9397,748
9398,761
9399,779
9400,795
9401,804
9402,810
9403,815
9404,815
9405,804
9406,779
9407,751
9408,724
9409,706
9410,699
9411,694
9412,692
9413,692
9414,692
9415,692
9416,692
9417,692
9418,693
9419,696
9420,696
9421,696
9422,694
9423,694
9424,694
9425,696
9426,697
9427,701
9428,708
9429,724
9430,744
9431,749
9432,748
9433,746
9434,744
9435,740
9436,732
9437,718
9438,702
9439,693
9440,692
9441,692
9442,695
9443,707
9444,723
9445,747
9446,770
9447,785
9448,792
9449,797
9450,800
9451,800
9452,792
9453,770
9454,747
9455,732
9456,725
9457,719
9458,719
9459,723
9460,736
9461,760
9462,775
9463,791
9464,798
9465,803
9466,805
9467,805
9468,796
9469,774
9470,751
9471,736
9472,729
9473,725
9474,723
9475,723
9476,731
9477,754
9478,769
9479,776
9480,781
9481,785
9482,782
9483,766
9484,743
9485,728
9486,719
9487,714
9488,711
9489,711
9490,726
9491,749
9492,766
9493,780
9494,786
9495,786
9496,781
9497,768
9498,745
9499,730
9500,714
9501,707
9502,701
9503,696
9504,694
9505,700
9506,713
9507,735
9508,759
9509,774
9510,790
9511,797
9512,803
9513,805
9514,803
9515,798
9516,785
9517,770
9518,755
9519,733
9520,722
9521,719
9522,719
9523,719
9524,719
9525,719
9526,720
9527,723
9528,726
9529,730
9530,733
9531,735
9532,735
9533,735
9534,735
9535,738
9536,761
9537,776
9538,785
9539,791
9540,797
9541,800
9542,801
9543,801
9544,791
9545,768
9546,744
9547,730
9548,712
9549,705
9550,699
9551,696
9552,697
9553,699
9554,706
9555,712
9556,727
9557,742
9558,756
9559,770
9560,781
9561,786
9562,787
9563,787
9564,787
9565,787
9566,787
9567,786
9568,785
9569,782
9570,779
9571,775
9572,770
9573,767
9574,763
9575,761
9576,761
9577,761
9578,761
9579,759
9580,759
9581,759
9582,759
9583,759
9584,760
9585,760
9586,760
9587,760
9588,761
9589,761
9590,761
9591,761
9592,763
9593,763
9594,761
9595,761
9596,761
9597,760
9598,757
9599,755
9600,754
9601,753
9602,752
9603,751
9604,751
9605,751
9606,752
9607,752
9608,752
9609,750
9610,738
9611,724
9612,715
9613,708
9614,701
9615,695
9616,692
9617,690
9618,689
9619,689
9620,689
9621,689
9622,687
9623,693
9624,704
9625,710
9626,714
9627,718
9628,719
9629,719
9630,719
9631,719
9632,719
9633,719
9634,719
9635,719
9636,720
9637,720
9638,724
9639,728
9640,731
9641,736
9642,737
9643,737
9644,737
9645,737
9646,737
9647,737
9648,737
9649,737
9650,738
9651,739
9652,742
9653,744
9654,748
9655,750
9656,751
9657,753
9658,753
9659,753
9660,753
9661,753
9662,755
9663,755
9664,755
9665,755
9666,745
9667,733
9668,718
9669,709
9670,702
9671,694
9672,687
9673,682
9674,678
9675,674
9676,672
9677,671
9678,671
9679,671
9680,671
9681,672
9682,686
9683,706
9684,721
9685,737
9686,752
9687,768
9688,784
9689,792
9690,799
9691,805
9692,810
9693,813
9694,814
9695,814
9696,815
9697,815
9698,815
9699,815
9700,815
9701,815
9702,814
9703,811
9704,811
9705,810
9706,809
9707,807
9708,806
9709,805
9710,803
9711,801
9712,800
9713,799
9714,798
9715,798
9716,797
9717,798
9718,801
9719,802
9720,806
9721,811
9722,815
9723,823
9724,829
9725,835
9726,838
9727,842
9728,844
9729,847
9730,848
9731,850
9732,851
9733,854
9734,856
9735,857
9736,860
9737,860
9738,862
9739,864
9740,866
9741,867
9742,868
9743,870
9744,871
9745,869
9746,870
9747,870
9748,870
9749,871
9750,873
9751,874
9752,874
9753,874
9754,874
9755,872
9756,872
9757,872
9758,872
9759,872
9760,872
9761,872
9762,872
9763,874
9764,873
9765,872
9766,868
9767,863
9768,856
9769,849
9770,842
9771,831
9772,817
9773,801
9774,783
9775,765
9776,755
9777,743
9778,729
9779,716
9780,709
9781,702
9782,695
9783,690
9784,684
9785,677
9786,672
9787,667
9788,660
9789,656
9790,651
9791,647
9792,643
9793,641
9794,639
9795,637
9796,635
9797,633
9798,632
9799,631
9800,630
9801,628
9802,628
9803,627
9804,626
9805,626
9806,625
9807,624
9808,624
9809,623
9810,622
9811,622
9812,621
9813,620
9814,620
9815,619
9816,619
9817,618
9818,618
9819,617
9820,617
9821,616
9822,616
9823,615
9824,615
9825,614
9826,614
9827,614
9828,613
9829,613
9830,613
9831,612
9832,612
9833,612
9834,610
9835,610
9836,610
9837,610
9838,610
9839,610
9840,610
9841,610
9842,610
9843,610
9844,613
9845,615
9846,617
9847,620
9848,624
9849,639
9850,659
9851,683
9852,702
9853,716
9854,731
9855,737
9856,743
9857,749
9858,753
9859,758
9860,760
9861,762
9862,763
9863,764
9864,764
9865,765
9866,765
9867,765
9868,765
9869,765
9870,765
9871,765
9872,765
9873,765
9874,765
9875,765
9876,765
9877,762
9878,751
9879,734
9880,721
9881,708
9882,701
9883,694
9884,688
9885,681
9886,676
9887,670
9888,666
9889,660
9890,657
9891,655
9892,654
9893,654
9894,654
9895,654
9896,654
9897,656
9898,656
9899,656
9900,656
9901,656
9902,656
9903,656
9904,656
9905,663
9906,678
9907,696
9908,708
9909,722
9910,740
9911,748
9912,756
9913,763
9914,771
9915,780
9916,788
9917,795
9918,802
9919,810
9920,817
9921,823
9922,829
9923,833
9924,837
9925,841
9926,843
9927,845
9928,847
9929,849
9930,850
9931,850
9932,850
9933,850
9934,850
9935,850
9936,848
9937,848
9938,848
9939,848
9940,850
9941,850
9942,850
9943,850
9944,850
9945,831
9946,806
9947,783
9948,759
9949,743
9950,736
9951,730
9952,725
9953,719
9954,715
9955,712
9956,711
9957,709
9958,709
9959,709
9960,709
9961,709
9962,709
9963,709
9964,709
9965,709
9966,709
9967,709
9968,709
9969,709
9970,709
9971,708
9972,708
9973,707
9974,705
9975,702
9976,698
9977,696
9978,692
9979,691
9980,689
9981,688
9982,687
9983,685
9984,685
9985,684
9986,683
9987,683
9988,682
9989,682
9990,682
9991,682
9992,682
9993,683
9994,683
9995,684
9996,684
9997,686
9998,687
9999,689
10000,691
10001,694
10002,698
10003,701
10004,706
10005,711
10006,717
10007,721
10008,727
10009,733
10010,738
10011,743
10012,750
10013,754
10014,758
10015,762
10016,765
10017,768
10018,768
10019,769
10020,770
10021,770
10022,770
10023,770
10024,770
10025,770
10026,772
10027,768
10028,756
10029,745
10030,733
10031,724
10032,714
10033,705
10034,699
10035,690
10036,681
10037,676
10038,672
10039,668
10040,664
10041,660
10042,656
10043,653
10044,649
10045,647
10046,645
10047,643
10048,640
10049,639
10050,639
10051,639
10052,639
10053,639
10054,639
10055,651
10056,671
10057,689
10058,710
10059,725
10060,739
10061,748
10062,757
10063,757
10064,759
10065,761
10066,761
10067,759
10068,757
10069,755
10070,750
10071,740
10072,732
10073,725
10074,719
10075,715
10076,713
10077,712
10078,712
10079,713
10080,715
10081,720
10082,734
10083,751
10084,768
10085,783
10086,800
10087,817
10088,832
10089,840
10090,846
10091,852
10092,856
10093,860
10094,862
10095,862
10096,862
10097,862
10098,862
10099,862
10100,855
10101,835
10102,807
10103,782
10104,758
10105,742
10106,734
10107,727
10108,721
10109,715
10110,712
10111,709
10112,708
10113,708
10114,708
10115,708
10116,708
10117,708
10118,708
10119,711
10120,724
10121,746
10122,763
10123,770
10124,777
10125,783
10126,788
10127,793
10128,795
10129,797
10130,797
10131,794
10132,779
10133,756
10134,732
10135,717
10136,701
10137,694
10138,689
10139,684
10140,679
10141,676
10142,676
10143,676
10144,685
10145,700
10146,720
10147,744
10148,769
10149,786
10150,802
10151,817
10152,825
10153,832
10154,839
10155,845
10156,850
10157,855
10158,859
10159,862
10160,865
10161,866
10162,866
10163,866
10164,866
10165,866
10166,866
10167,859
10168,845
10169,829
10170,810
10171,789
10172,770
10173,750
10174,729
10175,716
10176,704
10177,692
10178,682
10179,679
10180,675
10181,673
10182,673
10183,673
10184,675
10185,677
10186,681
10187,693
10188,712
10189,732
10190,752
10191,772
10192,785
10193,791
10194,795
10195,797
10196,796
10197,794
10198,788
10199,776
10200,763
10201,747
10202,734
10203,714
10204,701
10205,689
10206,684
10207,679
10208,675
10209,671
10210,670
10211,670
10212,670
10213,670
10214,670
10215,679
10216,694
10217,711
10218,723
10219,727
10220,731
10221,734
10222,736
10223,736
10224,736
10225,736
10226,736
10227,736
10228,736
10229,736
10230,736
10231,736
10232,739
10233,741
10234,745
10235,751
10236,757
10237,768
10238,771
10239,773
10240,775
10241,773
10242,772
10243,769
10244,763
10245,748
10246,733
10247,710
10248,695
10249,689
10250,685
10251,684
10252,687
10253,696
10254,719
10255,742
10256,759
10257,768
10258,773
10259,778
10260,781
10261,781
10262,778
10263,763
10264,740
10265,722
10266,714
10267,709
10268,703
10269,699
10270,698
10271,698
10272,698
10273,698
10274,698
10275,705
10276,726
10277,745
10278,760
10279,769
10280,775
10281,779
10282,783
10283,784
10284,785
10285,785
10286,785
10287,785
10288,781
10289,760
10290,735
10291,716
10292,709
10293,702
10294,699
10295,696
10296,703
10297,715
10298,740
10299,764
10300,780
10301,793
10302,796
10303,796
10304,794
10305,789
10306,776
10307,760
10308,747
10309,732
10310,718
10311,716
10312,717
10313,718
10314,724
10315,732
10316,747
10317,763
10318,778
10319,794
10320,801
10321,807
10322,813
10323,815
10324,815
10325,804
10326,791
10327,769
10328,746
10329,721
10330,708
10331,699
10332,694
10333,689
10334,685
10335,683
10336,682
10337,682
10338,680
10339,688
10340,704
10341,727
10342,751
10343,764
10344,775
10345,782
10346,786
10347,790
10348,792
10349,792
10350,792
10351,792
10352,776
10353,753
10354,739
10355,723
10356,716
10357,711
10358,708
10359,705
10360,705
10361,710
10362,728
10363,751
10364,766
10365,772
10366,777
10367,779
10368,777
10369,759
10370,736
10371,714
10372,705
10373,699
10374,695
10375,693
10376,695
10377,705
10378,727
10379,751
10380,766
10381,773
10382,781
10383,785
10384,789
10385,790
10386,790
10387,785
10388,769
10389,746
10390,721
10391,704
10392,696
10393,692
10394,690
10395,689
10396,689
10397,689
10398,690
10399,704
10400,719
10401,726
10402,732
10403,736
10404,738
10405,738
10406,738
10407,738
10408,738
10409,735
10410,733
10411,731
10412,729
10413,728
10414,728
10415,728
10416,728
10417,728
10418,732
10419,735
10420,740
10421,744
10422,747
10423,748
10424,748
10425,748
10426,748
10427,740
10428,727
10429,710
10430,703
10431,696
10432,692
10433,690
10434,687
10435,687
10436,687
10437,694
10438,715
10439,740
10440,765
10441,781
10442,789
10443,796
10444,802
10445,808
10446,812
10447,814
10448,814
10449,808
10450,792
10451,769
10452,755
10453,731
10454,715
10455,701
10456,692
10457,691
10458,691
10459,692
10460,693
10461,695
10462,700
10463,704
10464,720
10465,734
10466,752
10467,764
10468,768
10469,768
10470,768
10471,768
10472,767
10473,767
10474,766
10475,764
10476,760
10477,757
10478,753
10479,751
10480,752
10481,752
10482,752
10483,752
10484,752
10485,752
10486,753
10487,752
10488,753
10489,754
10490,753
10491,752
10492,753
10493,752
10494,749
10495,749
10496,749
10497,749
10498,749
10499,749
10500,747
10501,743
10502,741
10503,739
10504,735
10505,733
10506,730
10507,726
10508,721
10509,708
10510,701
10511,698
10512,697
10513,696
10514,695
10515,695
10516,695
10517,695
10518,695
10519,694
10520,689
10521,685
10522,679
10523,674
10524,669
10525,663
10526,660
10527,656
10528,652
10529,648
10530,646
10531,644
10532,644
10533,644
10534,644
10535,644
10536,644
10537,644
10538,649
10539,666
10540,681
10541,700
10542,721
10543,734
10544,747
10545,753
10546,758
10547,761
10548,762
10549,764
10550,761
10551,758
10552,752
10553,740
10554,727
10555,712
10556,698
10557,686
10558,676
10559,669
10560,663
10561,660
10562,656
10563,653
10564,653
10565,655
10566,659
10567,671
10568,684
10569,696
10570,709
10571,723
10572,736
10573,751
10574,765
10575,778
10576,791
10577,805
10578,811
10579,815
10580,820
10581,825
10582,827
10583,830
10584,831
10585,831
10586,831
10587,830
10588,830
10589,829
10590,817
10591,794
10592,774
10593,758
10594,743
10595,737
10596,732
10597,728
10598,727
10599,727
10600,727
10601,727
10602,727
10603,728
10604,733
10605,747
10606,764
10607,771
10608,778
10609,784
10610,789
10611,793
10612,797
10613,797
10614,798
10615,798
10616,798
10617,795
10618,784
10619,766
10620,743
10621,728
10622,712
10623,704
10624,697
10625,691
10626,686
10627,680
10628,676
10629,673
10630,670
10631,670
10632,670
10633,670
10634,670
10635,678
10636,699
10637,722
10638,746
10639,770
10640,786
10641,802
10642,818
10643,823
10644,830
10645,836
10646,841
10647,845
10648,849
10649,850
10650,849
10651,836
10652,815
10653,794
10654,771
10655,749
10656,726
10657,713
10658,699
10659,692
10660,686
10661,681
10662,677
10663,676
10664,677
10665,686
10666,702
10667,724
10668,747
10669,763
10670,778
10671,786
10672,793
10673,798
10674,801
10675,802
10676,802
10677,802
10678,802
10679,800
10680,778
10681,750
10682,725
10683,708
10684,700
10685,693
10686,687
10687,682
10688,676
10689,672
10690,667
10691,664
10692,660
10693,658
10694,657
10695,657
10696,657
10697,657
10698,657
10699,658
10700,658
10701,660
10702,660
10703,660
10704,660
10705,660
10706,660
10707,660
10708,662
10709,666
10710,674
10711,685
10712,695
10713,705
10714,716
10715,727
10716,739
10717,749
10718,755
10719,760
10720,764
10721,767
10722,768
10723,770
10724,768
10725,766
10726,761
10727,748
10728,739
10729,729
10730,719
10731,709
10732,700
10733,691
10734,683
10735,678
10736,674
10737,671
10738,669
10739,669
10740,670
10741,673
10742,676
10743,680
10744,689
10745,698
10746,707
10747,718
10748,727
10749,737
10750,746
10751,751
10752,756
10753,759
10754,762
10755,762
10756,763
10757,763
10758,763
10759,765
10760,762
10761,755
10762,746
10763,733
10764,723
10765,712
10766,699
10767,694
10768,689
10769,683
10770,678
10771,675
10772,672
10773,671
10774,669
10775,669
10776,669
10777,669
10778,669
10779,668
10780,668
10781,674
10782,691
10783,715
10784,739
10785,762
10786,776
10787,789
10788,796
10789,802
10790,809
10791,814
10792,819
10793,823
10794,824
10795,824
10796,819
10797,811
10798,801
10799,789
10800,777
10801,763
10802,741
10803,728
10804,715
10805,708
10806,704
10807,702
10808,702
10809,702
10810,702
10811,701
10812,701
10813,701
10814,701
10815,701
10816,699
10817,692
10818,682
10819,669
10820,654
10821,647
10822,640
10823,632
10824,625
10825,618
10826,610
10827,606
10828,603
10829,601
10830,601
10831,601
10832,601
10833,601
10834,601
10835,601
10836,601
10837,601
10838,599
10839,599
10840,599
10841,606
10842,620
10843,634
10844,651
10845,664
10846,676
10847,683
10848,689
10849,695
10850,700
10851,706
10852,709
10853,713
10854,716
10855,719
10856,720
10857,722
10858,724
10859,724
10860,724
10861,724
10862,724
10863,724
10864,724
10865,724
10866,724
10867,724
10868,726
10869,726
10870,724
10871,717
10872,701
10873,689
10874,677
10875,672
10876,666
10877,662
10878,657
10879,653
10880,649
10881,646
10882,643
10883,640
10884,641
10885,640
10886,640
10887,640
10888,640
10889,640
10890,638
10891,638
10892,638
10893,638
10894,638
10895,638
10896,638
10897,649
10898,672
10899,690
10900,710
10901,727
10902,745
10903,754
10904,764
10905,771
10906,778
10907,783
10908,786
10909,790
10910,790
10911,790
10912,790
10913,790
10914,790
10915,790
10916,790
10917,790
10918,790
10919,790
10920,790
10921,790
10922,790
10923,789
10924,781
10925,767
10926,750
10927,738
10928,726
10929,714
10930,701
10931,691
10932,676
10933,672
10934,665
10935,659
10936,653
10937,646
10938,640
10939,635
10940,630
10941,627
10942,624
10943,623
10944,621
10945,619
10946,618
10947,617
10948,616
10949,614
10950,612
10951,610
10952,609
10953,608
10954,607
10955,606
10956,606
10957,605
10958,605
10959,604
10960,604
10961,604
10962,604
10963,604
10964,603
10965,603
10966,603
10967,603
10968,603
10969,603
10970,603
10971,603
10972,603
10973,603
10974,603
10975,603
10976,603
10977,603
10978,603
10979,606
10980,613
10981,625
10982,640
10983,659
10984,681
10985,699
10986,720
10987,742
10988,756
10989,769
10990,783
10991,791
10992,796
10993,799
10994,801
10995,802
10996,802
10997,805
10998,805
10999,805
11000,805
11001,805
11002,805
11003,805
11004,805
11005,805
11006,799
11007,787
11008,784
11009,784
11010,785
11011,787
11012,789
11013,793
11014,797
11015,799
11016,801
11017,802
11018,802
11019,801
11020,797
11021,785
11022,773
11023,757
11024,733
11025,710
11026,693
11027,677
11028,661
11029,655
11030,649
11031,643
11032,639
11033,636
11034,635
11035,635
11036,635
11037,635
11038,635
11039,635
11040,635
11041,635
11042,650
11043,675
11044,697
11045,714
11046,731
11047,746
11048,753
11049,760
11050,765
11051,769
11052,768
11053,768
11054,768
11055,768
11056,768
11057,768
11058,768
11059,763
11060,742
11061,726
11062,719
11063,713
11064,708
11065,705
11066,705
11067,711
11068,722
11069,736
11070,751
11071,766
11072,782
11073,789
11074,795
11075,801
11076,804
11077,805
11078,805
11079,805
11080,795
11081,771
11082,750
11083,733
11084,724
11085,718
11086,714
11087,713
11088,713
11089,713
11090,713
11091,713
11092,713
11093,713
11094,713
11095,712
11096,709
11097,705
11098,700
11099,694
11100,687
11101,683
11102,670
11103,665
11104,661
11105,658
11106,658
11107,659
11108,660
11109,664
11110,677
11111,697
11112,720
11113,743
11114,758
11115,773
11116,780
11117,786
11118,789
11119,791
11120,791
11121,787
11122,768
11123,745
11124,730
11125,714
11126,706
11127,700
11128,697
11129,697
11130,698
11131,712
11132,733
11133,750
11134,759
11135,765
11136,770
11137,773
11138,773
11139,773
11140,773
11141,773
11142,762
11143,748
11144,742
11145,739
11146,738
11147,738
11148,738
11149,738
11150,738
11151,737
11152,733
11153,725
11154,711
11155,697
11156,688
11157,687
11158,686
11159,688
11160,694
11161,708
11162,723
11163,737
11164,749
11165,751
11166,750
11167,747
11168,739
11169,724
11170,708
11171,696
11172,682
11173,675
11174,671
11175,668
11176,668
11177,671
11178,688
11179,709
11180,733
11181,749
11182,755
11183,759
11184,760
11185,760
11186,754
11187,735
11188,719
11189,704
11190,697
11191,693
11192,690
11193,690
11194,695
11195,713
11196,737
11197,751
11198,757
11199,762
11200,763
11201,763
11202,763
11203,751
11204,729
11205,713
11206,707
11207,704
11208,704
11209,713
11210,737
11211,751
11212,762
11213,769
11214,773
11215,774
11216,763
11217,750
11218,726
11219,711
11220,705
11221,701
11222,702
11223,708
11224,724
11225,746
11226,760
11227,767
11228,774
11229,779
11230,778
11231,769
11232,749
11233,725
11234,711
11235,702
11236,697
11237,695
11238,695
11239,696
11240,708
11241,732
11242,748
11243,753
11244,757
11245,758
11246,758
11247,752
11248,732
11249,715
11250,708
11251,702
11252,698
11253,698
11254,698
11255,706
11256,722
11257,728
11258,732
11259,734
11260,734
11261,734
11262,734
11263,730
11264,724
11265,719
11266,717
11267,716
11268,716
11269,716
11270,718
11271,722
11272,725
11273,725
11274,725
11275,725
11276,725
11277,723
11278,721
11279,720
11280,719
11281,719
11282,719
11283,719
11284,721
11285,724
11286,726
11287,727
11288,727
11289,727
11290,727
11291,727
11292,727
11293,729
11294,727
11295,727
11296,729
11297,726
11298,726
11299,726
11300,726
11301,729
11302,729
11303,730
11304,730
11305,730
11306,730
11307,730
11308,730
11309,730
11310,730
11311,729
11312,729
11313,729
11314,729
11315,729
11316,730
11317,731
11318,732
11319,732
11320,732
11321,732
11322,732
11323,723
11324,717
11325,711
11326,709
11327,707
11328,707
11329,709
11330,718
11331,725
11332,731
11333,734
11334,735
11335,735
11336,735
11337,723
11338,699
11339,684
11340,678
11341,673
11342,671
11343,669
11344,676
11345,695
11346,717
11347,733
11348,740
11349,745
11350,745
11351,742
11352,726
11353,711
11354,689
11355,676
11356,669
11357,664
11358,661
11359,660
11360,666
11361,685
11362,704
11363,719
11364,727
11365,731
11366,731
11367,727
11368,712
11369,692
11370,678
11371,665
11372,659
11373,654
11374,652
11375,660
11376,670
11377,692
11378,705
11379,720
11380,728
11381,732
11382,736
11383,737
11384,729
11385,707
11386,691
11387,679
11388,673
11389,668
11390,665
11391,667
11392,678
11393,697
11394,721
11395,734
11396,748
11397,755
11398,760
11399,763
11400,762
11401,753
11402,730
11403,707
11404,693
11405,686
11406,681
11407,679
11408,678
11409,684
11410,705
11411,728
11412,742
11413,750
11414,756
11415,762
11416,765
11417,762
11418,758
11419,744
11420,730
11421,709
11422,694
11423,681
11424,678
11425,677
11426,679
11427,683
11428,690
11429,703
11430,718
11431,732
11432,746
11433,752
11434,754
11435,754
11436,753
11437,749
11438,744
11439,730
11440,716
11441,701
11442,693
11443,691
11444,691
11445,692
11446,694
11447,697
11448,703
11449,717
11450,731
11451,736
11452,737
11453,736
11454,735
11455,733
11456,726
11457,719
11458,704
11459,691
11460,678
11461,669
11462,668
11463,668
11464,671
11465,676
11466,690
11467,711
11468,733
11469,746
11470,751
11471,752
11472,750
11473,745
11474,732
11475,717
11476,703
11477,689
11478,676
11479,670
11480,665
11481,664
11482,665
11483,670
11484,683
11485,704
11486,725
11487,747
11488,765
11489,767
11490,768
11491,768
11492,768
11493,766
11494,762
11495,756
11496,750
11497,736
11498,723
11499,717
11500,716
11501,716
11502,717
11503,718
11504,719
11505,723
11506,727
11507,733
11508,739
11509,753
11510,765
11511,768
11512,770
11513,770
11514,768
11515,769
11516,770
11517,771
11518,773
11519,775
11520,775
11521,775
11522,775
11523,773
11524,760
11525,745
11526,738
11527,732
11528,726
11529,722
11530,720
11531,719
11532,720
11533,729
11534,752
11535,768
11536,783
11537,790
11538,797
11539,801
11540,807
11541,806
11542,805
11543,793
11544,772
11545,750
11546,726
11547,705
11548,692
11549,678
11550,673
11551,667
11552,662
11553,660
11554,661
11555,664
11556,675
11557,688
11558,706
11559,727
11560,741
11561,753
11562,757
11563,757
11564,756
11565,752
11566,745
11567,733
11568,718
11569,711
11570,697
11571,691
11572,688
11573,684
11574,681
11575,680
11576,681
11577,697
11578,724
11579,761
11580,791
11581,804
11582,809
11583,812
11584,810
11585,799
11586,777
11587,753
11588,731
11589,709
11590,691
11591,686
11592,685
11593,684
11594,685
11595,686
11596,689
11597,693
11598,707
11599,722
11600,737
11601,753
11602,769
11603,784
11604,791
11605,797
11606,803
11607,808
11608,812
11609,814
11610,817
11611,815
11612,813
11613,803
11614,791
11615,779
11616,765
11617,752
11618,739
11619,733
11620,729
11621,723
11622,719
11623,715
11624,714
11625,714
11626,714
11627,714
11628,714
11629,710
11630,702
11631,691
11632,679
11633,668
11634,662
11635,657
11636,653
11637,649
11638,644
11639,640
11640,636
11641,633
11642,630
11643,628
11644,626
11645,625
11646,624
11647,624
11648,624
11649,624
11650,624
11651,624
11652,626
11653,633
11654,640
11655,651
11656,664
11657,677
11658,692
11659,705
11660,706
11661,706
11662,706
11663,706
11664,706
11665,706
11666,706
11667,703
11668,700
11669,697
11670,693
11671,690
11672,688
11673,686
11674,684
11675,681
11676,679
11677,675
11678,673
11679,673
11680,672
11681,673
11682,672
11683,670
11684,671
11685,672
11686,674
11687,677
11688,681
11689,685
11690,690
11691,696
11692,701
11693,707
11694,713
11695,719
11696,725
11697,731
11698,737
11699,743
11700,749
11701,761
11702,765
11703,771
11704,776
11705,782
11706,787
11707,792
11708,796
11709,800
11710,805
11711,808
11712,813
11713,819
11714,823
11715,826
11716,829
11717,832
11718,834
11719,836
11720,839
11721,842
11722,844
11723,848
11724,850
11725,853
11726,855
11727,859
11728,861
11729,863
11730,866
11731,865
11732,867
11733,869
11734,870
11735,871
11736,872
11737,872
11738,872
11739,873
11740,873
11741,873
11742,875
11743,875
11744,875
11745,875
11746,875
11747,875
11748,875
11749,875
11750,875
11751,875
11752,873
11753,875
11754,874
11755,874
11756,873
11757,873
11758,872
11759,872
11760,872
11761,872
11762,872
11763,872
11764,872
11765,872
11766,872
11767,872
11768,872
11769,872
11770,872
11771,872
11772,872
11773,870
11774,870
11775,870
11776,870
11777,870
11778,870
11779,870
11780,870
11781,866
11782,858
11783,847
11784,836
11785,820
11786,809
11787,798
11788,786
11789,780
11790,774
11791,769
11792,763
11793,758
11794,754
11795,749
11796,744
11797,741
11798,737
11799,732
11800,728
11801,723
11802,720
11803,715
11804,712
11805,708
11806,702
11807,695
11808,691
11809,686
11810,682
11811,676
11812,673
11813,668
11814,665
11815,662
11816,660
11817,659
11818,658
11819,656
11820,654
11821,654
11822,653
11823,652
11824,652
11825,652
11826,652
11827,654
11828,654
11829,654
11830,654
11831,652
11832,652
11833,652
11834,652
11835,652
11836,652
11837,653
11838,655
11839,658
11840,661
11841,664
11842,669
11843,677
11844,684
11845,693
11846,701
11847,711
11848,717
11849,724
11850,728
11851,733
11852,738
11853,746
11854,750
11855,755
11856,762
11857,769
11858,777
11859,787
11860,792
11861,796
11862,802
11863,806
11864,810
11865,813
11866,814
11867,817
11868,817
11869,817
11870,816
11871,816
11872,816
11873,816
11874,816
11875,816
11876,816
11877,816
11878,817
11879,813
11880,799
11881,781
11882,770
11883,765
11884,763
11885,762
11886,761
11887,761
11888,761
11889,761
11890,761
11891,761
11892,762
11893,762
11894,762
11895,763
11896,763
11897,764
11898,764
11899,764
11900,764
11901,763
11902,761
11903,757
11904,752
11905,740
11906,727
11907,713
11908,698
11909,684
11910,670
11911,656
11912,650
11913,644
11914,638
11915,633
11916,630
11917,629
11918,629
11919,629
11920,629
11921,634
11922,653
11923,679
11924,701
11925,717
11926,732
11927,740
11928,746
11929,749
11930,752
11931,753
11932,753
11933,753
11934,753
11935,753
11936,753
11937,753
11938,755
11939,754
11940,754
11941,755
11942,756
11943,756
11944,756
11945,756
11946,756
11947,756
11948,755
11949,749
11950,745
11951,732
11952,718
11953,704
11954,690
11955,679
11956,674
11957,671
11958,671
11959,672
11960,677
11961,687
11962,699
11963,717
11964,732
11965,746
11966,754
11967,760
11968,764
11969,767
11970,767
11971,762
11972,745
11973,725
11974,701
11975,685
11976,672
11977,665
11978,661
11979,658
11980,657
11981,657
11982,657
11983,657
11984,657
11985,662
11986,678
11987,691
11988,696
11989,702
11990,705
11991,706
11992,708
11993,708
11994,708
11995,708
11996,706
11997,700
11998,695
11999,690
12000,688
12001,687
12002,687
12003,687
12004,689
12005,706
12006,723
12007,737
12008,744
12009,751
12010,757
12011,761
12012,765
12013,766
12014,763
12015,754
12016,733
12017,711
12018,689
12019,675
12020,665
12021,663
12022,661
12023,661
12024,661
12025,663
12026,666
12027,669
12028,675
12029,681
12030,694
12031,709
12032,723
12033,737
12034,750
12035,759
12036,762
12037,763
12038,763
12039,763
12040,763
12041,762
12042,761
12043,759
12044,755
12045,750
12046,744
12047,731
12048,717
12049,704
12050,697
12051,695
12052,695
12053,695
12054,696
12055,696
12056,696
12057,698
12058,703
12059,709
12060,716
12061,729
12062,742
12063,747
12064,749
12065,749
12066,749
12067,749
12068,749
12069,749
12070,748
12071,747
12072,745
12073,741
12074,738
12075,732
12076,724
12077,721
12078,720
12079,720
12080,720
12081,721
12082,722
12083,724
12084,729
12085,735
12086,742
12087,757
12088,771
12089,778
12090,785
12091,791
12092,795
12093,796
12094,796
12095,794
12096,789
12097,776
12098,754
12099,732
12100,709
12101,689
12102,670
12103,657
12104,650
12105,645
12106,642
12107,640
12108,641
12109,644
12110,654
12111,667
12112,687
12113,705
12114,728
12115,743
12116,755
12117,761
12118,761
12119,760
12120,758
12121,756
12122,751
12123,748
12124,733
12125,718
12126,703
12127,690
12128,677
12129,671
12130,665
12131,660
12132,657
12133,655
12134,657
12135,672
12136,690
12137,710
12138,733
12139,747
12140,761
12141,767
12142,772
12143,773
12144,771
12145,765
12146,750
12147,737
12148,714
12149,695
12150,688
12151,686
12152,685
12153,685
12154,687
12155,690
12156,694
12157,708
12158,723
12159,739
12160,753
12161,770
12162,777
12163,784
12164,789
12165,792
12166,793
12167,793
12168,783
12169,765
12170,742
12171,721
12172,698
12173,685
12174,679
12175,673
12176,667
12177,664
12178,662
12179,662
12180,673
12181,692
12182,714
12183,735
12184,749
12185,756
12186,762
12187,764
12188,762
12189,759
12190,746
12191,728
12192,707
12193,692
12194,679
12195,672
12196,667
12197,662
12198,660
12199,660
12200,661
12201,671
12202,689
12203,711
12204,726
12205,732
12206,737
12207,741
12208,745
12209,746
12210,748
12211,740
12212,721
12213,698
12214,678
12215,665
12216,660
12217,654
12218,649
12219,647
12220,648
12221,652
12222,659
12223,677
12224,698
12225,721
12226,735
12227,743
12228,749
12229,755
12230,759
12231,760
12232,760
12233,751
12234,732
12235,708
12236,693
12237,680
12238,674
12239,670
12240,668
12241,668
12242,668
12243,677
12244,696
12245,713
12246,728
12247,735
12248,740
12249,744
12250,745
12251,743
12252,727
12253,704
12254,690
12255,676
12256,670
12257,666
12258,663
12259,662
12260,662
12261,670
12262,689
12263,712
12264,727
12265,734
12266,740
12267,744
12268,746
12269,746
12270,746
12271,746
12272,738
12273,716
12274,694
12275,680
12276,672
12277,667
12278,663
12279,662
12280,660
12281,660
12282,671
12283,689
12284,705
12285,712
12286,719
12287,724
12288,727
12289,728
12290,728
12291,728
12292,715
12293,694
12294,673
12295,658
12296,653
12297,650
12298,648
12299,648
12300,649
12301,662
12302,681
12303,695
12304,703
12305,709
12306,713
12307,714
12308,715
12309,708
12310,689
12311,674
12312,668
12313,661
12314,658
12315,655
12316,655
12317,657
12318,657
12319,663
12320,674
12321,680
12322,684
12323,687
12324,688
12325,688
12326,688
12327,688
12328,688
12329,689
12330,690
12331,694
12332,700
12333,705
12334,713
12335,715
12336,715
12337,715
12338,715
12339,714
12340,713
12341,710
12342,706
12343,700
12344,694
12345,686
12346,683
12347,683
12348,683
12349,683
12350,683
12351,685
12352,687
12353,691
12354,698
12355,712
12356,725
12357,733
12358,737
12359,737
12360,737
12361,735
12362,733
12363,728
12364,721
12365,707
12366,693
12367,682
12368,674
12369,672
12370,672
12371,673
12372,674
12373,679
12374,685
12375,690
12376,703
12377,715
12378,718
12379,718
12380,718
12381,718
12382,718
12383,718
12384,716
12385,715
12386,712
12387,708
12388,703
12389,698
12390,696
12391,696
12392,696
12393,696
12394,685
12395,671
12396,663
12397,658
12398,653
12399,650
12400,649
12401,649
12402,649
12403,654
12404,671
12405,685
12406,698
12407,704
12408,708
12409,714
12410,715
12411,715
12412,713
12413,694
12414,674
12415,659
12416,653
12417,649
12418,645
12419,644
12420,644
12421,653
12422,672
12423,693
12424,708
12425,716
12426,722
12427,727
12428,731
12429,732
12430,728
12431,711
12432,688
12433,674
12434,660
12435,654
12436,649
12437,645
12438,642
12439,641
12440,643
12441,656
12442,676
12443,698
12444,713
12445,728
12446,736
12447,742
12448,746
12449,749
12450,750
12451,750
12452,747
12453,731
12454,706
12455,685
12456,671
12457,664
12458,658
12459,652
12460,648
12461,646
12462,646
12463,653
12464,672
12465,694
12466,716
12467,731
12468,739
12469,747
12470,753
12471,756
12472,757
12473,754
12474,742
12475,728
12476,705
12477,692
12478,678
12479,664
12480,658
12481,651
12482,648
12483,645
12484,646
12485,650
12486,662
12487,675
12488,688
12489,701
12490,716
12491,730
12492,744
12493,750
12494,753
12495,754
12496,754
12497,753
12498,749
12499,744
12500,738
12501,724
12502,710
12503,696
12504,682
12505,669
12506,657
12507,651
12508,649
12509,648
12510,647
12511,648
12512,650
12513,653
12514,657
12515,661
12516,665
12517,669
12518,674
12519,679
12520,683
12521,687
12522,693
12523,698
12524,703
12525,709
12526,715
12527,721
12528,726
12529,731
12530,737
12531,740
12532,742
12533,743
12534,743
12535,745
12536,745
12537,745
12538,743
12539,743
12540,743
12541,743
12542,743
12543,743
12544,743
12545,743
12546,746
12547,749
12548,755
12549,761
12550,766
12551,772
12552,777
12553,781
12554,788
12555,793
12556,797
12557,799
12558,803
12559,804
12560,806
12561,807
12562,810
12563,810
12564,811
12565,812
12566,812
12567,812
12568,812
12569,812
12570,811
12571,810
12572,807
12573,806
12574,805
12575,803
12576,801
12577,799
12578,797
12579,794
12580,792
12581,789
12582,788
12583,786
12584,785
12585,783
12586,783
12587,783
12588,785
12589,787
12590,786
12591,789
12592,791
12593,793
12594,795
12595,797
12596,798
12597,799
12598,802
12599,803
12600,804
12601,807
12602,808
12603,809
12604,811
12605,813
12606,814
12607,816
12608,817
12609,820
12610,821
12611,823
12612,828
12613,829
12614,831
12615,833
12616,835
12617,837
12618,839
12619,840
12620,841
12621,842
12622,843
12623,845
12624,846
12625,847
12626,848
12627,849
12628,851
12629,852
12630,853
12631,854
12632,855
12633,855
12634,857
12635,858
12636,858
12637,858
12638,859
12639,859
12640,859
12641,859
12642,859
12643,858
12644,858
12645,858
12646,858
12647,858
12648,858
12649,858
12650,858
12651,859
12652,859
12653,859
12654,859
12655,859
12656,858
12657,858
12658,858
12659,858
12660,858
12661,858
12662,858
12663,858
12664,858
12665,858
12666,859
12667,859
12668,859
12669,859
12670,859
12671,859
12672,859
12673,858
12674,854
12675,850
12676,846
12677,844
12678,841
12679,835
12680,832
12681,828
12682,826
12683,822
12684,820
12685,816
12686,814
12687,810
12688,806
12689,803
12690,799
12691,796
12692,792
12693,789
12694,785
12695,781
12696,778
12697,774
12698,771
12699,765
12700,761
12701,758
12702,755
12703,753
12704,750
12705,747
12706,743
12707,740
12708,736
12709,733
12710,729
12711,725
12712,723
12713,719
12714,716
12715,713
12716,710
12717,704
12718,698
12719,693
12720,684
12721,676
12722,669
12723,664
12724,658
12725,654
12726,646
12727,640
12728,637
12729,633
12730,629
12731,626
12732,624
12733,624
12734,623
12735,623
12736,623
12737,625
12738,627
12739,629
12740,629
12741,628
12742,628
12743,628
12744,628
12745,628
12746,630
12747,635
12748,639
12749,646
12750,650
12751,652
12752,655
12753,657
12754,659
12755,660
12756,661
12757,661
12758,661
12759,660
12760,660
12761,659
12762,660
12763,659
12764,657
12765,656
12766,654
12767,652
12768,652
12769,651
12770,652
12771,652
12772,654
12773,656
12774,658
12775,661
12776,664
12777,668
12778,673
12779,679
12780,684
12781,697
12782,711
12783,723
12784,736
12785,746
12786,752
12787,758
12788,764
12789,769
12790,773
12791,777
12792,781
12793,782
12794,782
12795,781
12796,771
12797,756
12798,738
12799,717
12800,698
12801,680
12802,668
12803,656
12804,651
12805,645
12806,642
12807,639
12808,638
12809,638
12810,638
12811,638
12812,638
12813,638
12814,640
12815,650
12816,664
12817,677
12818,684
12819,688
12820,692
12821,694
12822,695
12823,696
12824,696
12825,696
12826,696
12827,696
12828,696
12829,694
12830,692
12831,682
12832,676
12833,672
12834,668
12835,666
12836,665
12837,665
12838,666
12839,666
12840,666
12841,666
12842,670
12843,678
12844,682
12845,687
12846,687
12847,688
12848,688
12849,688
12850,688
12851,688
12852,688
12853,688
12854,688
12855,688
12856,688
12857,688
12858,690
12859,689
12860,688
12861,687
12862,687
12863,687
12864,688
12865,688
12866,688
12867,688
12868,688
12869,688
12870,686
12871,685
12872,685
12873,683
12874,680
12875,676
12876,673
12877,669
12878,665
12879,663
12880,663
12881,663
12882,663
12883,663
12884,665
12885,667
12886,670
12887,674
12888,680
12889,693
12890,708
12891,722
12892,735
12893,740
12894,743
12895,742
12896,737
12897,723
12898,702
12899,681
12900,660
12901,646
12902,640
12903,634
12904,629
12905,627
12906,629
12907,638
12908,658
12909,679
12910,699
12911,714
12912,721
12913,727
12914,732
12915,735
12916,735
12917,735
12918,730
12919,714
12920,692
12921,678
12922,664
12923,658
12924,653
12925,651
12926,650
12927,650
12928,650
12929,650
12930,653
12931,662
12932,675
12933,680
12934,684
12935,686
12936,686
12937,686
12938,686
12939,680
12940,669
12941,663
12942,660
12943,659
12944,659
12945,659
12946,661
12947,669
12948,674
12949,678
12950,680
12951,680
12952,680
12953,680
12954,680
12955,680
12956,680
12957,681
12958,682
12959,684
12960,684
12961,684
12962,683
12963,681
12964,676
12965,671
12966,657
12967,645
12968,632
12969,624
12970,621
12971,621
12972,622
12973,635
12974,648
12975,668
12976,682
12977,689
12978,694
12979,700
12980,703
12981,704
12982,704
12983,699
12984,679
12985,658
12986,645
12987,639
12988,634
12989,629
12990,628
12991,628
12992,628
12993,639
12994,658
12995,680
12996,694
12997,701
12998,707
12999,712
13000,714
13001,707
13002,692
13003,679
13004,660
13005,647
13006,633
13007,630
13008,631
13009,632
13010,635
13011,640
13012,653
13013,666
13014,678
13015,691
13016,698
13017,698
13018,698
13019,698
13020,696
13021,694
13022,689
13023,684
13024,676
13025,675
13026,675
13027,675
13028,674
13029,665
13030,660
13031,656
13032,656
13033,656
13034,656
13035,656
13036,666
13037,680
13038,693
13039,700
13040,706
13041,709
13042,710
13043,710
13044,710
13045,707
13046,690
13047,676
13048,661
13049,655
13050,651
13051,650
13052,650
13053,650
13054,650
13055,655
13056,666
13057,672
13058,679
13059,683
13060,684
13061,685
13062,685
13063,685
13064,685
13065,676
13066,664
13067,650
13068,644
13069,638
13070,635
13071,633
13072,631
13073,631
13074,632
13075,643
13076,663
13077,677
13078,692
13079,697
13080,702
13081,706
13082,707
13083,708
13084,704
13085,686
13086,665
13087,651
13088,645
13089,640
13090,636
13091,633
13092,632
13093,632
13094,636
13095,653
13096,674
13097,688
13098,696
13099,702
13100,706
13101,708
13102,709
13103,709
13104,702
13105,683
13106,668
13107,655
13108,649
13109,645
13110,642
13111,641
13112,641
13113,647
13114,667
13115,681
13116,693
13117,700
13118,703
13119,705
13120,705
13121,705
13122,705
13123,693
13124,681
13125,676
13126,673
13127,672
13128,672
13129,672
13130,671
13131,671
13132,670
13133,668
13134,664
13135,658
13136,653
13137,652
13138,653
13139,653
13140,654
13141,654
13142,657
13143,663
13144,677
13145,689
13146,701
13147,707
13148,707
13149,707
13150,706
13151,702
13152,697
13153,691
13154,678
13155,665
13156,652
13157,639
13158,629
13159,626
13160,624
13161,624
13162,627
13163,631
13164,636
13165,649
13166,669
13167,682
13168,695
13169,707
13170,709
13171,711
13172,709
13173,706
13174,700
13175,686
13176,673
13177,653
13178,640
13179,634
13180,629
13181,626
13182,627
13183,637
13184,650
13185,670
13186,683
13187,696
13188,702
13189,707
13190,708
13191,699
13192,686
13193,673
13194,660
13195,654
13196,651
13197,650
13198,653
13199,670
13200,683
13201,690
13202,695
13203,698
13204,698
13205,698
13206,689
13207,669
13208,656
13209,650
13210,645
13211,643
13212,643
13213,645
13214,661
13215,681
13216,695
13217,701
13218,707
13219,711
13220,712
13221,712
13222,706
13223,688
13224,668
13225,654
13226,649
13227,646
13228,645
13229,645
13230,647
13231,665
13232,681
13233,687
13234,692
13235,696
13236,698
13237,698
13238,698
13239,685
13240,663
13241,649
13242,643
13243,637
13244,635
13245,634
13246,635
13247,650
13248,670
13249,684
13250,697
13251,700
13252,700
13253,697
13254,693
13255,686
13256,674
13257,660
13258,648
13259,643
13260,642
13261,642
13262,643
13263,645
13264,648
13265,651
13266,657
13267,671
13268,682
13269,686
13270,688
13271,688
13272,688
13273,688
13274,686
13275,685
13276,683
13277,680
13278,675
13279,665
13280,663
13281,662
13282,662
13283,664
13284,664
13285,664
13286,666
13287,666
13288,669
13289,673
13290,674
13291,674
13292,674
13293,674
13294,674
13295,674
13296,678
13297,689
13298,694
13299,700
13300,706
13301,711
13302,715
13303,717
13304,717
13305,719
13306,719
13307,717
13308,699
13309,680
13310,660
13311,646
13312,632
13313,620
13314,615
13315,613
13316,610
13317,610
13318,611
13319,612
13320,613
13321,614
13322,616
13323,619
13324,622
13325,626
13326,630
13327,635
13328,645
13329,650
13330,651
13331,651
13332,651
13333,651
13334,651
13335,652
13336,663
13337,684
13338,698
13339,706
13340,716
13341,720
13342,726
13343,731
13344,735
13345,738
13346,738
13347,738
13348,730
13349,709
13350,687
13351,668
13352,654
13353,642
13354,629
13355,617
13356,611
13357,605
13358,599
13359,596
13360,594
13361,593
13362,595
13363,598
13364,608
13365,621
13366,640
13367,660
13368,680
13369,694
13370,700
13371,706
13372,710
13373,715
13374,716
13375,716
13376,716
13377,716
13378,714
13379,699
13380,683
13381,669
13382,663
13383,657
13384,653
13385,652
13386,652
13387,652
13388,652
13389,652
13390,652
13391,652
13392,651
13393,650
13394,647
13395,643
13396,636
13397,631
13398,619
13399,608
13400,598
13401,595
13402,593
13403,591
13404,591
13405,593
13406,596
13407,608
13408,626
13409,647
13410,667
13411,680
13412,686
13413,693
13414,698
13415,703
13416,705
13417,706
13418,706
13419,703
13420,688
13421,669
13422,648
13423,634
13424,627
13425,622
13426,617
13427,615
13428,614
13429,614
13430,622
13431,639
13432,659
13433,674
13434,680
13435,686
13436,691
13437,695
13438,696
13439,697
13440,698
13441,698
13442,696
13443,679
13444,659
13445,645
13446,632
13447,620
13448,607
13449,595
13450,585
13451,583
13452,580
13453,579
13454,579
13455,579
13456,579
13457,579
13458,579
13459,579
13460,580
13461,581
13462,581
13463,582
13464,581
13465,579
13466,576
13467,575
13468,575
13469,575
13470,577
13471,577
13472,577
13473,591
13474,614
13475,634
13476,655
13477,668
13478,681
13479,695
13480,704
13481,709
13482,710
13483,711
13484,711
13485,710
13486,708
13487,708
13488,707
13489,709
13490,709
13491,709
13492,709
13493,708
13494,706
13495,708
13496,709
13497,710
13498,712
13499,717
13500,722
13501,729
13502,735
13503,742
13504,749
13505,755
13506,761
13507,765
13508,770
13509,772
13510,776
13511,778
13512,779
13513,782
13514,783
13515,785
13516,786
13517,788
13518,789
13519,789
13520,790
13521,790
13522,790
13523,790
13524,790
13525,790
13526,790
13527,790
13528,790
13529,790
13530,790
13531,790
13532,790
13533,790
13534,790
13535,790
13536,784
13537,769
13538,752
13539,734
13540,716
13541,697
13542,680
13543,663
13544,647
13545,636
13546,624
13547,612
13548,602
13549,593
13550,590
13551,587
13552,583
13553,580
13554,578
13555,576
13556,573
13557,571
13558,569
13559,567
13560,565
13561,563
13562,562
13563,560
13564,557
13565,554
13566,552
13567,550
13568,547
13569,545
13570,542
13571,540
13572,538
13573,535
13574,534
13575,532
13576,530
13577,527
13578,526
13579,524
13580,521
13581,519
13582,517
13583,515
13584,513
13585,511
13586,510
13587,508
13588,507
13589,505
13590,504
13591,501
13592,500
13593,498
13594,497
13595,496
13596,495
13597,495
13598,494
13599,494
13600,493
13601,493
13602,493
13603,493
13604,493
13605,493
13606,493
13607,493
13608,493
13609,493
13610,493
13611,493
13612,491
13613,491
13614,491
13615,491
13616,491
13617,491
13618,491
13619,491
13620,490
13621,490
13622,490
13623,490
13624,490
13625,494
13626,499
13627,506
13628,515
13629,524
13630,531
13631,538
13632,546
13633,554
13634,562
13635,566
13636,572
13637,576
13638,579
13639,583
13640,588
13641,591
13642,595
13643,598
13644,601
13645,605
13646,607
13647,609
13648,611
13649,613
13650,614
13651,616
13652,617
13653,620
13654,622
13655,625
13656,626
13657,628
13658,629
13659,630
13660,630
13661,631
13662,632
13663,633
13664,635
13665,639
13666,641
13667,643
13668,646
13669,648
13670,651
13671,653
13672,656
13673,658
13674,660
13675,663
13676,664
13677,665
13678,666
13679,667
13680,667
13681,667
13682,667
13683,667
13684,667
13685,667
13686,667
13687,667
13688,665
13689,662
13690,659
13691,654
13692,651
13693,647
13694,645
13695,642
13696,640
13697,638
13698,637
13699,637
13700,637
13701,638
13702,640
13703,643
13704,648
13705,659
13706,666
13707,675
13708,679
13709,682
13710,685
13711,689
13712,690
13713,690
13714,686
13715,681
13716,675
13717,666
13718,651
13719,630
13720,616
13721,603
13722,589
13723,575
13724,562
13725,552
13726,540
13727,532
13728,523
13729,520
13730,518
13731,517
13732,517
13733,517
13734,515
13735,515
13736,515
13737,515
13738,516
13739,525
13740,545
13741,573
13742,605
13743,630
13744,665
13745,684
13746,695
13747,699
13748,702
13749,702
13750,700
13751,698
13752,694
13753,682
13754,669
13755,655
13756,638
13757,626
13758,613
13759,601
13760,595
13761,592
13762,592
13763,592
13764,594
13765,597
13766,608
13767,622
13768,637
13769,651
13770,667
13771,691
13772,705
13773,712
13774,718
13775,724
13776,728
13777,730
13778,730
13779,730
13780,730
13781,730
13782,730
13783,728
13784,712
13785,682
13786,658
13787,641
13788,633
13789,627
13790,622
13791,619
13792,617
13793,614
13794,614
13795,614
13796,614
13797,615
13798,615
13799,615
13800,617
13801,620
13802,624
13803,627
13804,630
13805,633
13806,635
13807,636
13808,636
13809,636
13810,636
13811,636
13812,632
13813,624
13814,619
13815,613
13816,608
13817,605
13818,604
13819,604
13820,604
13821,604
13822,604
13823,604
13824,614
13825,625
13826,630
13827,635
13828,639
13829,642
13830,643
13831,644
13832,644
13833,644
13834,644
13835,644
13836,644
13837,644
13838,645
13839,646
13840,645
13841,648
13842,650
13843,652
13844,654
13845,656
13846,657
13847,657
13848,657
13849,657
13850,657
13851,657
13852,657
13853,657
13854,656
13855,655
13856,652
13857,648
13858,642
13859,630
13860,617
13861,607
13862,602
13863,602
13864,602
13865,602
13866,602
13867,604
13868,605
13869,608
13870,612
13871,619
13872,631
13873,644
13874,658
13875,670
13876,676
13877,678
13878,678
13879,678
13880,676
13881,673
13882,669
13883,662
13884,649
13885,636
13886,621
13887,608
13888,595
13889,588
13890,582
13891,578
13892,575
13893,573
13894,573
13895,575
13896,578
13897,584
13898,594
13899,606
13900,619
13901,630
13902,644
13903,657
13904,669
13905,681
13906,694
13907,699
13908,705
13909,709
13910,709
13911,707
13912,696
13913,682
13914,663
13915,643
13916,624
13917,612
13918,605
13919,601
13920,598
13921,599
13922,608
13923,626
13924,647
13925,659
13926,672
13927,678
13928,683
13929,686
13930,687
13931,687
13932,680
13933,661
13934,642
13935,628
13936,616
13937,609
13938,603
13939,598
13940,594
13941,592
13942,595
13943,605
13944,624
13945,643
13946,662
13947,675
13948,688
13949,694
13950,699
13951,704
13952,707
13953,707
13954,703
13955,693
13956,682
13957,663
13958,642
13959,628
13960,616
13961,609
13962,604
13963,599
13964,595
13965,595
13966,595
13967,607
13968,626
13969,646
13970,668
13971,681
13972,688
13973,694
13974,699
13975,703
13976,704
13977,702
13978,691
13979,678
13980,659
13981,638
13982,625
13983,612
13984,608
13985,606
13986,607
13987,608
13988,611
13989,617
13990,628
13991,641
13992,655
13993,668
13994,680
13995,693
13996,707
13997,719
13998,721
13999,725
14000,725
14001,725
14002,722
14003,719
14004,707
14005,692
14006,679
14007,660
14008,641
14009,628
14010,620
14011,618
14012,618
14013,619
14014,622
14015,626
14016,639
14017,653
14018,666
14019,679
14020,692
14021,705
14022,712
14023,717
14024,718
14025,715
14026,712
14027,697
14028,685
14029,666
14030,647
14031,635
14032,622
14033,615
14034,609
14035,604
14036,601
14037,601
14038,603
14039,612
14040,624
14041,637
14042,657
14043,674
14044,687
14045,699
14046,714
14047,719
14048,722
14049,723
14050,723
14051,722
14052,720
14053,716
14054,711
14055,697
14056,684
14057,671
14058,659
14059,648
14060,635
14061,625
14062,617
14063,615
14064,612
14065,613
14066,615
14067,619
14068,624
14069,636
14070,648
14071,669
14072,687
14073,699
14074,710
14075,714
14076,715
14077,716
14078,714
14079,710
14080,704
14081,691
14082,680
14083,667
14084,655
14085,643
14086,636
14087,633
14088,633
14089,635
14090,636
14091,638
14092,640
14093,644
14094,649
14095,655
14096,667
14097,680
14098,692
14099,704
14100,714
14101,718
14102,722
14103,723
14104,723
14105,723
14106,722
14107,721
14108,718
14109,715
14110,711
14111,705
14112,692
14113,680
14114,669
14115,656
14116,645
14117,638
14118,633
14119,631
14120,629
14121,629
14122,629
14123,632
14124,634
14125,637
14126,641
14127,646
14128,659
14129,672
14130,684
14131,696
14132,705
14133,710
14134,711
14135,711
14136,711
14137,711
14138,711
14139,711
14140,709
14141,713
14142,713
14143,714
14144,716
14145,720
14146,726
14147,728
14148,729
14149,729
14150,729
14151,729
14152,729
14153,723
14154,707
14155,685
14156,669
14157,662
14158,657
14159,653
14160,651
14161,650
14162,650
14163,650
14164,651
14165,658
14166,675
14167,690
14168,697
14169,704
14170,711
14171,716
14172,719
14173,720
14174,721
14175,721
14176,721
14177,720
14178,708
14179,686
14180,664
14181,648
14182,633
14183,625
14184,619
14185,613
14186,607
14187,603
14188,601
14189,599
14190,599
14191,599
14192,599
14193,598
14194,601
14195,621
14196,649
14197,672
14198,688
14199,703
14200,711
14201,718
14202,724
14203,730
14204,733
14205,736
14206,737
14207,737
14208,737
14209,737
14210,727
14211,706
14212,692
14213,679
14214,667
14215,653
14216,640
14217,627
14218,614
14219,608
14220,602
14221,598
14222,595
14223,592
14224,591
14225,588
14226,588
14227,587
14228,590
14229,591
14230,592
14231,594
14232,596
14233,597
14234,599
14235,602
14236,605
14237,609
14238,614
14239,625
14240,635
14241,647
14242,665
14243,683
14244,695
14245,703
14246,708
14247,712
14248,714
14249,717
14250,717
14251,719
14252,717
14253,717
14254,717
14255,716
14256,715
14257,714
14258,713
14259,712
14260,709
14261,708
14262,707
14263,706
14264,704
14265,703
14266,702
14267,701
14268,700
14269,699
14270,699
14271,699
14272,699
14273,700
14274,701
14275,703
14276,707
14277,710
14278,713
14279,717
14280,721
14281,723
14282,727
14283,731
14284,733
14285,735
14286,738
14287,740
14288,741
14289,744
14290,746
14291,749
14292,751
14293,753
14294,756
14295,758
14296,760
14297,764
14298,765
14299,767
14300,769
14301,771
14302,772
14303,773
14304,775
14305,774
14306,775
14307,775
14308,776
14309,777
14310,777
14311,779
14312,780
14313,781
14314,782
14315,783
14316,784
14317,786
14318,787
14319,788
14320,789
14321,792
14322,793
14323,794
14324,795
14325,798
14326,799
14327,799
14328,800
14329,800
14330,800
14331,800
14332,800
14333,800
14334,799
14335,799
14336,798
14337,796
14338,794
14339,793
14340,794
14341,793
14342,791
14343,788
14344,785
14345,783
14346,779
14347,776
14348,772
14349,767
14350,760
14351,752
14352,744
14353,736
14354,729
14355,716
14356,707
14357,696
14358,692
14359,688
14360,684
14361,680
14362,677
14363,675
14364,674
14365,674
14366,674
14367,673
14368,676
14369,677
14370,678
14371,679
14372,679
14373,679
14374,679
14375,679
14376,679
14377,679
14378,679
14379,680
14380,683
14381,687
14382,692
14383,702
14384,714
14385,727
14386,734
14387,741
14388,749
14389,759
14390,767
14391,776
14392,784
14393,794
14394,802
14395,809
14396,816
14397,821
14398,826
14399,831
14400,837
14401,838
14402,839
14403,839
14404,839
14405,839
14406,839
14407,839
14408,839
14409,839
14410,839
14411,839
14412,839
14413,839
14414,839
14415,839
14416,839
14417,839
14418,839
14419,839
14420,839
14421,839
14422,839
14423,839
14424,839
14425,839
14426,839
14427,839
14428,839
14429,839
14430,839
14431,840
14432,840
14433,841
14434,841
14435,843
14436,844
14437,845
14438,845
14439,846
14440,846
14441,846
14442,846
14443,846
14444,846
14445,846
14446,845
14447,845
14448,843
14449,843
14450,842
14451,840
14452,839
14453,839
14454,838
14455,837
14456,836
14457,834
14458,833
14459,832
14460,831
14461,830
14462,828
14463,828
14464,827
14465,827
14466,826
14467,826
14468,826
14469,826
14470,826
14471,826
14472,826
14473,826
14474,826
14475,826
14476,826
14477,826
14478,826
14479,826
14480,826
14481,826
14482,826
14483,826
14484,826
14485,826
14486,826
14487,826
14488,826
14489,826
14490,826
14491,826
14492,826
14493,826
14494,826
14495,825
14496,825
14497,824
14498,822
14499,822
14500,822
14501,822
14502,824
14503,824
14504,825
14505,825
14506,826
14507,826
14508,827
14509,827
14510,828
14511,828
14512,828
14513,829
14514,829
14515,829
14516,830
14517,830
14518,831
14519,831
14520,832
14521,832
14522,832
14523,832
14524,832
14525,832
14526,832
14527,832
14528,832
14529,832
14530,830
14531,832
14532,831
14533,830
14534,829
14535,827
14536,826
14537,825
14538,824
14539,823
14540,820
14541,820
14542,819
14543,819
14544,819
14545,818
14546,816
14547,810
14548,801
14549,793
14550,788
14551,784
14552,781
14553,779
14554,776
14555,775
14556,775
14557,775
14558,775
14559,775
14560,775
14561,775
14562,775
14563,774
14564,774
14565,774
14566,774
14567,774
14568,775
14569,775
14570,775
14571,775
14572,776
14573,776
14574,776
14575,777
14576,776
14577,775
14578,774
14579,770
14580,765
14581,762
14582,752
14583,743
14584,734
14585,725
14586,712
14587,703
14588,695
14589,689
14590,684
14591,678
14592,675
14593,671
14594,670
14595,669
14596,668
14597,668
14598,667
14599,666
14600,666
14601,666
14602,663
14603,662
14604,661
14605,661
14606,661
14607,660
14608,660
14609,662
14610,662
14611,663
14612,664
14613,665
14614,667
14615,668
14616,669
14617,671
14618,673
14619,675
14620,677
14621,679
14622,682
14623,685
14624,688
14625,690
14626,695
14627,702
14628,708
14629,714
14630,717
14631,720
14632,720
14633,720
14634,720
14635,720
14636,720
14637,720
14638,720
14639,720
14640,720
14641,723
14642,735
14643,749
14644,763
14645,770
14646,777
14647,783
14648,788
14649,793
14650,797
14651,801
14652,803
14653,805
14654,805
14655,805
14656,805
14657,805
14658,805
14659,805
14660,805
14661,805
14662,805
14663,805
14664,802
14665,794
14666,781
14667,770
14668,760
14669,756
14670,751
14671,746
14672,744
14673,742
14674,740
14675,739
14676,738
14677,738
14678,736
14679,736
14680,736
14681,736
14682,736
14683,736
14684,736
14685,736
14686,736
14687,736
14688,736
14689,736
14690,736
14691,736
14692,735
14693,734
14694,733
14695,730
14696,727
14697,722
14698,717
14699,711
14700,704
14701,692
14702,684
14703,677
14704,674
14705,671
14706,670
14707,670
14708,670
14709,672
14710,674
14711,677
14712,681
14713,687
14714,699
14715,716
14716,730
14717,746
14718,760
14719,776
14720,790
14721,797
14722,805
14723,811
14724,815
14725,820
14726,822
14727,824
14728,824
14729,824
14730,824
14731,824
14732,824
14733,814
14734,790
14735,759
14736,734
14737,719
14738,702
14739,695
14740,690
14741,684
14742,680
14743,677
14744,675
14745,674
14746,674
14747,674
14748,674
14749,674
14750,675
14751,689
14752,711
14753,735
14754,751
14755,766
14756,772
14757,779
14758,784
14759,787
14760,789
14761,789
14762,786
14763,770
14764,747
14765,723
14766,708
14767,693
14768,680
14769,670
14770,663
14771,657
14772,652
14773,646
14774,643
14775,642
14776,641
14777,641
14778,642
14779,645
14780,654
14781,665
14782,677
14783,697
14784,720
14785,735
14786,749
14787,765
14788,779
14789,786
14790,794
14791,801
14792,806
14793,810
14794,814
14795,816
14796,816
14797,816
14798,816
14799,811
14800,796
14801,770
14802,747
14803,725
14804,702
14805,688
14806,681
14807,676
14808,672
14809,670
14810,670
14811,670
14812,670
14813,668
14814,671
14815,686
14816,705
14817,722
14818,729
14819,735
14820,740
14821,743
14822,745
14823,745
14824,745
14825,743
14826,741
14827,740
14828,733
14829,722
14830,710
14831,705
14832,699
14833,693
14834,690
14835,687
14836,686
14837,686
14838,686
14839,686
14840,686
14841,686
14842,688
14843,700
14844,715
14845,729
14846,736
14847,742
14848,748
14849,754
14850,758
14851,760
14852,761
14853,761
14854,761
14855,761
14856,761
14857,761
14858,760
14859,745
14860,720
14861,703
14862,695
14863,690
14864,683
14865,678
14866,674
14867,671
14868,670
14869,670
14870,670
14871,670
14872,675
14873,692
14874,716
14875,741
14876,758
14877,774
14878,783
14879,790
14880,797
14881,802
14882,808
14883,812
14884,813
14885,812
14886,812
14887,805
14888,787
14889,763
14890,739
14891,715
14892,699
14893,685
14894,677
14895,672
14896,667
14897,661
14898,658
14899,656
14900,656
14901,657
14902,664
14903,681
14904,695
14905,710
14906,719
14907,725
14908,729
14909,732
14910,733
14911,732
14912,733
14913,733
14914,735
14915,735
14916,734
14917,720
14918,697
14919,675
14920,669
14921,664
14922,660
14923,657
14924,654
14925,654
14926,654
14927,654
14928,654
14929,656
14930,668
14931,685
14932,696
14933,704
14934,710
14935,715
14936,720
14937,722
14938,723
14939,723
14940,723
14941,723
14942,722
14943,713
14944,700
14945,693
14946,688
14947,683
14948,678
14949,675
14950,674
14951,674
14952,674
14953,674
14954,676
14955,691
14956,716
14957,744
14958,762
14959,780
14960,788
14961,794
14962,801
14963,806
14964,811
14965,814
14966,814
14967,814
14968,814
14969,814
14970,814
14971,805
14972,780
14973,756
14974,731
14975,714
14976,697
14977,691
14978,687
14979,681
14980,677
14981,675
14982,674
14983,674
14984,672
14985,673
14986,690
14987,714
14988,740
14989,756
14990,772
14991,779
14992,785
14993,790
14994,794
14995,795
14996,795
14997,795
14998,787
14999,769
15000,746
15001,721
15002,705
15003,690
15004,682
15005,677
15006,672
15007,668
15008,664
15009,662
15010,661
15011,661
15012,661
15013,661
15014,674
15015,696
15016,720
15017,745
15018,761
15019,778
15020,785
15021,794
15022,800
15023,806
15024,811
15025,814
15026,816
15027,818
15028,818
15029,818
15030,818
15031,812
15032,795
15033,776
15034,752
15035,728
15036,714
15037,698
15038,685
15039,678
15040,672
15041,665
15042,660
15043,656
15044,652
15045,650
15046,647
15047,647
15048,650
15049,658
15050,668
15051,686
15052,705
15053,727
15054,748
15055,763
15056,776
15057,790
15058,796
15059,802
15060,808
15061,811
15062,812
15063,812
15064,809
15065,806
15066,795
15067,782
15068,760
15069,738
15070,716
15071,702
15072,689
15073,676
15074,671
15075,664
15076,659
15077,655
15078,652
15079,647
15080,645
15081,643
15082,643
15083,643
15084,644
15085,652
15086,664
15087,680
15088,699
15089,721
15090,742
15091,765
15092,778
15093,791
15094,799
15095,805
15096,811
15097,815
15098,819
15099,821
15100,822
15101,822
15102,822
15103,822
15104,818
15105,803
15106,787
15107,765
15108,745
15109,721
15110,708
15111,694
15112,688
15113,682
15114,677
15115,672
15116,668
15117,665
15118,663
15119,663
15120,669
15121,677
15122,688
15123,700
15124,720
15125,733
15126,746
15127,761
15128,774
15129,787
15130,800
15131,813
15132,819
15133,825
15134,833
15135,838
15136,841
15137,844
15138,845
15139,846
15140,845
15141,843
15142,839
15143,828
15144,814
15145,795
15146,774
15147,753
15148,740
15149,727
15150,714
15151,700
15152,694
15153,688
15154,684
15155,678
15156,675
15157,673
15158,673
15159,674
15160,679
15161,691
15162,708
15163,729
15164,751
15165,772
15166,787
15167,801
15168,815
15169,821
15170,827
15171,834
15172,840
15173,846
15174,850
15175,853
15176,857
15177,858
15178,859
15179,859
15180,859
15181,859
15182,855
15183,843
15184,826
15185,807
15186,786
15187,767
15188,748
15189,735
15190,722
15191,709
15192,697
15193,691
15194,685
15195,680
15196,676
15197,673
15198,671
15199,671
15200,671
15201,673
15202,675
15203,684
15204,694
15205,704
15206,716
15207,730
15208,743
15209,755
15210,769
15211,782
15212,795
15213,801
15214,808
15215,813
15216,818
15217,821
15218,826
15219,827
15220,828
15221,829
15222,832
15223,832
15224,833
15225,833
15226,833
15227,833
15228,833
15229,833
15230,833
15231,833
15232,834
15233,834
15234,834
15235,834
15236,834
15237,834
15238,834
15239,834
15240,835
15241,835
15242,836
15243,837
15244,840
15245,842
15246,845
15247,848
15248,851
15249,856
15250,863
15251,869
15252,878
15253,885
15254,893
15255,900
15256,905
15257,908
15258,912
15259,915
15260,919
15261,920
15262,924
15263,925
15264,926
15265,927
15266,929
15267,929
15268,929
15269,929
15270,929
15271,929
15272,929
15273,929
15274,929
15275,929
15276,929
15277,929
15278,929
15279,929
15280,929
15281,929
15282,929
15283,926
15284,929
15285,929
15286,929
15287,929
15288,929
15289,929
15290,930
15291,930
15292,927
15293,920
15294,913
15295,902
15296,886
15297,866
15298,841
15299,820
15300,799
15301,780
15302,761
15303,742
15304,730
15305,716
15306,705
15307,699
15308,693
15309,688
15310,684
15311,678
15312,674
15313,671
15314,667
15315,665
15316,661
15317,658
15318,656
15319,654
15320,651
15321,649
15322,648
15323,646
15324,643
15325,642
15326,640
15327,638
15328,637
15329,636
15330,634
15331,633
15332,631
15333,630
15334,629
15335,628
15336,626
15337,625
15338,624
15339,623
15340,622
15341,622
15342,621
15343,620
15344,619
15345,619
15346,618
15347,618
15348,618
15349,618
15350,618
15351,618
15352,618
15353,618
15354,618
15355,618
15356,618
15357,618
15358,618
15359,618
15360,618
15361,618
15362,619
15363,622
15364,632
15365,648
15366,663
15367,681
15368,699
15369,721
15370,737
15371,752
15372,767
15373,775
15374,782
15375,789
15376,796
15377,804
15378,811
15379,818
15380,824
15381,831
15382,836
15383,842
15384,847
15385,852
15386,855
15387,859
15388,862
15389,865
15390,867
15391,870
15392,872
15393,873
15394,876
15395,876
15396,877
15397,878
15398,879
15399,879
15400,879
15401,880
15402,880
15403,880
15404,880
15405,880
15406,880
15407,880
15408,880
15409,880
15410,880
15411,880
15412,880
15413,880
15414,880
15415,880
15416,880
15417,880
15418,880
15419,880
15420,881
15421,881
15422,881
15423,881
15424,881
15425,881
15426,881
15427,881
15428,881
15429,881
15430,881
15431,881
15432,881
15433,881
15434,880
15435,879
15436,878
15437,874
15438,864
15439,853
15440,840
15441,825
15442,810
15443,798
15444,787
15445,776
15446,766
15447,757
15448,745
15449,734
15450,723
15451,719
15452,714
15453,708
15454,704
15455,699
15456,696
15457,693
15458,690
15459,688
15460,685
15461,681
15462,678
15463,676
15464,674
15465,672
15466,670
15467,669
15468,667
15469,665
15470,665
15471,663
15472,661
15473,660
15474,658
15475,656
15476,654
15477,653
15478,651
15479,648
15480,646
15481,644
15482,643
15483,639
15484,637
15485,638
15486,636
15487,635
15488,634
15489,632
15490,631
15491,628
15492,627
15493,626
15494,625
15495,624
15496,623
15497,622
15498,621
15499,621
15500,620
15501,619
15502,618
15503,618
15504,617
15505,616
15506,616
15507,616
15508,616
15509,618
15510,618
15511,618
15512,618
15513,618
15514,618
15515,618
15516,618
15517,618
15518,618
15519,618
15520,618
15521,616
15522,616
15523,621
15524,632
15525,655
15526,686
15527,716
15528,742
15529,770
15530,789
15531,797
15532,806
15533,813
15534,821
15535,828
15536,834
15537,839
15538,844
15539,847
15540,850
15541,851
15542,851
15543,851
15544,851
15545,851
15546,851
15547,851
15548,851
15549,851
15550,851
15551,851
15552,851
15553,847
15554,833
15555,811
15556,792
15557,771
15558,755
15559,737
15560,729
15561,719
15562,712
15563,705
15564,699
15565,695
15566,690
15567,686
15568,684
15569,683
15570,683
15571,683
15572,683
15573,683
15574,683
15575,683
15576,683
15577,683
15578,683
15579,686
15580,702
15581,719
15582,741
15583,755
15584,768
15585,774
15586,782
15587,787
15588,793
15589,801
15590,807
15591,815
15592,821
15593,828
15594,834
15595,839
15596,842
15597,846
15598,847
15599,848
15600,848
15601,848
15602,848
15603,848
15604,848
15605,848
15606,848
15607,848
15608,848
15609,848
15610,834
15611,815
15612,792
15613,775
15614,759
15615,742
15616,734
15617,725
15618,719
15619,712
15620,706
15621,700
15622,695
15623,691
15624,686
15625,682
15626,679
15627,676
15628,673
15629,670
15630,667
15631,667
15632,667
15633,667
15634,667
15635,667
15636,667
15637,667
15638,667
15639,667
15640,667
15641,667
15642,667
15643,667
15644,673
15645,688
15646,712
15647,742
15648,767
15649,784
15650,800
15651,806
15652,812
15653,816
15654,820
15655,821
15656,822
15657,822
15658,822
15659,824
15660,824
15661,824
15662,824
15663,824
15664,824
15665,824
15666,824
15667,824
15668,823
15669,820
15670,817
15671,814
15672,811
15673,810
15674,809
15675,808
15676,808
15677,806
15678,806
15679,808
15680,808
15681,809
15682,810
15683,811
15684,814
15685,814
15686,815
15687,816
15688,817
15689,817
15690,818
15691,818
15692,818
15693,818
15694,818
15695,818
15696,818
15697,818
15698,818
15699,818
15700,817
15701,817
15702,816
15703,814
15704,812
15705,810
15706,808
15707,804
15708,800
15709,796
15710,791
15711,786
15712,783
15713,779
15714,778
15715,777
15716,777
15717,777
15718,777
15719,777
15720,777
15721,777
15722,777
15723,777
15724,777
15725,777
15726,778
15727,779
15728,780
15729,783
15730,785
15731,789
15732,793
15733,799
15734,805
15735,812
15736,818
15737,833
15738,841
15739,847
15740,854
15741,862
15742,868
15743,874
15744,880
15745,883
15746,886
15747,887
15748,886
15749,883
15750,875
15751,865
15752,845
15753,823
15754,808
15755,785
15756,771
15757,756
15758,743
15759,730
15760,723
15761,717
15762,711
15763,706
15764,703
15765,700
15766,700
15767,700
15768,700
15769,700
15770,700
15771,700
15772,707
15773,731
15774,751
15775,773
15776,794
15777,809
15778,823
15779,839
15780,846
15781,852
15782,858
15783,864
15784,869
15785,872
15786,876
15787,877
15788,877
15789,877
15790,877
15791,869
15792,850
15793,828
15794,808
15795,786
15796,773
15797,766
15798,760
15799,755
15800,753
15801,751
15802,751
15803,751
15804,753
15805,755
15806,757
15807,762
15808,767
15809,773
15810,780
15811,796
15812,810
15813,824
15814,839
15815,853
15816,860
15817,866
15818,872
15819,878
15820,882
15821,882
15822,883
15823,883
15824,882
15825,880
15826,876
15827,867
15828,855
15829,842
15830,828
15831,812
15832,798
15833,784
15834,769
15835,755
15836,741
15837,727
15838,720
15839,714
15840,708
15841,702
15842,698
15843,695
15844,692
15845,688
15846,687
15847,685
15848,685
15849,685
15850,685
15851,685
15852,686
15853,690
15854,702
15855,719
15856,738
15857,760
15858,779
15859,793
15860,806
15861,819
15862,833
15863,840
15864,846
15865,853
15866,858
15867,862
15868,867
15869,871
15870,875
15871,876
15872,876
15873,873
15874,862
15875,851
15876,839
15877,825
15878,813
15879,794
15880,782
15881,763
15882,752
15883,744
15884,739
15885,738
15886,737
15887,737
15888,737
15889,739
15890,743
15891,748
15892,761
15893,774
15894,788
15895,801
15896,815
15897,828
15898,841
15899,847
15900,854
15901,859
15902,864
15903,867
15904,870
15905,870
15906,870
15907,870
15908,861
15909,848
15910,831
15911,811
15912,787
15913,765
15914,750
15915,736
15916,722
15917,714
15918,707
15919,701
15920,697
15921,692
15922,688
15923,684
15924,682
15925,678
15926,676
15927,675
15928,674
15929,673
15930,672
15931,670
15932,670
15933,671
15934,670
15935,670
15936,670
15937,670
15938,670
15939,669
15940,669
15941,670
15942,670
15943,670
15944,671
15945,672
15946,673
15947,674
15948,676
15949,677
15950,678
15951,680
15952,682
15953,683
15954,684
15955,682
15956,683
15957,684
15958,685
15959,686
15960,687
15961,690
15962,693
15963,694
15964,694
15965,694
15966,694
15967,694
15968,694
15969,694
15970,694
15971,696
15972,711
15973,737
15974,759
15975,779
15976,804
15977,829
15978,855
15979,874
15980,888
15981,898
15982,915
15983,925
15984,933
15985,937
15986,940
15987,943
15988,945
15989,946
15990,946
15991,946
15992,946
15993,946
15994,946
15995,946
15996,946
15997,946
15998,946
15999,948
16000,948
16001,948
16002,948
16003,948
16004,948
16005,948
16006,948
16007,948
16008,948
16009,948
16010,948
16011,948
16012,948
16013,948
16014,948
16015,946
16016,944
16017,937
16018,914
16019,886
16020,858
16021,828
16022,807
16023,786
16024,770
16025,756
16026,749
16027,742
16028,736
16029,730
16030,724
16031,719
16032,714
16033,711
16034,708
16035,708
16036,708
16037,708
16038,708
16039,708
16040,708
16041,708
16042,708
16043,708
16044,708
16045,709
16046,724
16047,738
16048,756
16049,770
16050,785
16051,792
16052,798
16053,805
16054,811
16055,816
16056,820
16057,824
16058,826
16059,830
16060,831
16061,831
16062,831
16063,831
16064,829
16065,829
16066,829
16067,829
16068,830
16069,831
16070,833
16071,836
16072,840
16073,845
16074,851
16075,858
16076,865
16077,871
16078,878
16079,884
16080,890
16081,895
16082,899
16083,902
16084,902
16085,899
16086,888
16087,871
16088,851
16089,829
16090,806
16091,784
16092,769
16093,762
16094,754
16095,747
16096,743
16097,738
16098,737
16099,737
16100,737
16101,737
16102,735
16103,735
16104,737
16105,737
16106,737
16107,737
16108,744
16109,754
16110,759
16111,765
16112,769
16113,772
16114,774
16115,774
16116,774
16117,774
16118,774
16119,774
16120,774
16121,774
16122,774
16123,775
16124,777
16125,782
16126,788
16127,801
16128,813
16129,824
16130,829
16131,830
16132,829
16133,826
16134,820
16135,807
16136,792
16137,775
16138,769
16139,765
16140,763
16141,767
16142,772
16143,786
16144,803
16145,821
16146,828
16147,834
16148,839
16149,843
16150,844
16151,844
16152,844
16153,844
16154,832
16155,813
16156,797
16157,790
16158,787
16159,784
16160,783
16161,783
16162,783
16163,783
16164,783
16165,781
16166,779
16167,775
16168,769
16169,764
16170,750
16171,736
16172,723
16173,717
16174,711
16175,709
16176,708
16177,711
16178,722
16179,742
16180,764
16181,785
16182,800
16183,813
16184,818
16185,820
16186,819
16187,814
16188,809
16189,802
16190,789
16191,775
16192,760
16193,747
16194,744
16195,741
16196,742
16197,744
16198,746
16199,751
16200,757
16201,770
16202,784
16203,794
16204,796
16205,796
16206,796
16207,796
16208,795
16209,790
16210,787
16211,783
16212,781
16213,780
16214,780
16215,780
16216,780
16217,780
16218,780
16219,781
16220,782
16221,787
16222,790
16223,794
16224,796
16225,796
16226,796
16227,796
16228,796
16229,800
16230,811
16231,819
16232,826
16233,832
16234,836
16235,840
16236,844
16237,845
16238,845
16239,844
16240,836
16241,817
16242,795
16243,781
16244,767
16245,753
16246,739
16247,732
16248,726
16249,721
16250,719
16251,715
16252,718
16253,725
16254,736
16255,750
16256,764
16257,777
16258,797
16259,809
16260,817
16261,818
16262,818
16263,818
16264,818
16265,818
16266,818
16267,817
16268,815
16269,813
16270,811
16271,809
16272,809
16273,809
16274,809
16275,809
16276,809
16277,809
16278,809
16279,808
16280,800
16281,787
16282,771
16283,756
16284,749
16285,741
16286,734
16287,728
16288,722
16289,718
16290,714
16291,709
16292,706
16293,703
16294,701
16295,700
16296,700
16297,700
16298,700
16299,700
16300,702
16301,709
16302,718
16303,728
16304,740
16305,752
16306,764
16307,776
16308,788
16309,800
16310,813
16311,825
16312,838
16313,847
16314,853
16315,855
16316,856
16317,855
16318,855
16319,854
16320,854
16321,853
16322,852
16323,849
16324,847
16325,842
16326,836
16327,830
16328,818
16329,807
16330,795
16331,782
16332,770
16333,762
16334,758
16335,757
16336,756
16337,758
16338,759
16339,762
16340,765
16341,771
16342,784
16343,797
16344,811
16345,828
16346,842
16347,854
16348,860
16349,866
16350,872
16351,875
16352,879
16353,880
16354,880
16355,880
16356,880
16357,880
16358,876
16359,862
16360,845
16361,824
16362,810
16363,794
16364,788
16365,782
16366,777
16367,774
16368,771
16369,771
16370,771
16371,771
16372,771
16373,771
16374,771
16375,771
16376,771
16377,781
16378,800
16379,816
16380,824
16381,830
16382,836
16383,841
16384,843
16385,846
16386,846
16387,846
16388,846
16389,838
16390,819
16391,795
16392,779
16393,771
16394,764
16395,758
16396,752
16397,749
16398,747
16399,748
16400,748
16401,758
16402,777
16403,800
16404,824
16405,840
16406,857
16407,864
16408,872
16409,879
16410,885
16411,890
16412,893
16413,897
16414,898
16415,898
16416,898
16417,898
16418,898
16419,892
16420,876
16421,857
16422,842
16423,827
16424,812
16425,797
16426,784
16427,770
16428,757
16429,750
16430,744
16431,733
16432,727
16433,722
16434,717
16435,711
16436,708
16437,704
16438,701
16439,697
16440,694
16441,692
16442,690
16443,688
16444,687
16445,687
16446,688
16447,689
16448,691
16449,693
16450,696
16451,702
16452,709
16453,723
16454,740
16455,755
16456,765
16457,766
16458,766
16459,766
16460,766
16461,766
16462,764
16463,764
16464,763
16465,760
16466,756
16467,750
16468,744
16469,738
16470,732
16471,727
16472,723
16473,721
16474,719
16475,719
16476,719
16477,721
16478,729
16479,740
16480,757
16481,779
16482,800
16483,822
16484,838
16485,854
16486,868
16487,875
16488,881
16489,887
16490,892
16491,896
16492,898
16493,898
16494,898
16495,898
16496,898
16497,898
16498,898
16499,898
16500,896
16501,879
16502,855
16503,833
16504,816
16505,802
16506,795
16507,789
16508,785
16509,783
16510,782
16511,782
16512,782
16513,782
16514,782
16515,782
16516,784
16517,805
16518,831
16519,846
16520,862
16521,868
16522,873
16523,876
16524,879
16525,881
16526,882
16527,882
16528,882
16529,881
16530,880
16531,879
16532,876
16533,874
16534,872
16535,869
16536,866
16537,861
16538,855
16539,849
16540,832
16541,817
16542,802
16543,788
16544,776
16545,768
16546,762
16547,759
16548,758
16549,758
16550,759
16551,762
16552,766
16553,781
16554,796
16555,812
16556,827
16557,843
16558,859
16559,866
16560,875
16561,880
16562,883
16563,885
16564,885
16565,885
16566,885
16567,885
16568,885
16569,869
16570,841
16571,818
16572,795
16573,782
16574,775
16575,769
16576,763
16577,758
16578,754
16579,751
16580,749
16581,749
16582,749
16583,749
16584,749
16585,749
16586,749
16587,751
16588,765
16589,785
16590,809
16591,835
16592,852
16593,869
16594,876
16595,883
16596,889
16597,894
16598,899
16599,903
16600,903
16601,897
16602,886
16603,864
16604,841
16605,817
16606,795
16607,785
16608,779
16609,775
16610,772
16611,772
16612,775
16613,776
16614,778
16615,782
16616,788
16617,793
16618,800
16619,807
16620,823
16621,840
16622,856
16623,863
16624,870
16625,877
16626,885
16627,892
16628,899
16629,905
16630,911
16631,918
16632,924
16633,929
16634,935
16635,939
16636,942
16637,945
16638,947
16639,947
16640,948
16641,947
16642,945
16643,940
16644,933
16645,918
16646,899
16647,879
16648,857
16649,835
16650,814
16651,792
16652,779
16653,765
16654,752
16655,745
16656,736
16657,730
16658,725
16659,719
16660,715
16661,710
16662,707
16663,705
16664,703
16665,702
16666,700
16667,700
16668,698
16669,700
16670,701
16671,703
16672,705
16673,708
16674,710
16675,714
16676,716
16677,720
16678,725
16679,733
16680,741
16681,751
16682,760
16683,771
16684,782
16685,791
16686,797
16687,800
16688,800
16689,800
16690,800
16691,800
16692,800
16693,800
16694,800
16695,800
16696,800
16697,801
16698,806
16699,817
16700,828
16701,840
16702,848
16703,855
16704,861
16705,866
16706,872
16707,875
16708,880
16709,882
16710,884
16711,884
16712,884
16713,884
16714,884
16715,884
16716,884
16717,884
16718,884
16719,884
16720,884
16721,884
16722,881
16723,864
16724,846
16725,826
16726,804
16727,787
16728,771
16729,762
16730,755
16731,747
16732,740
16733,732
16734,726
16735,721
16736,716
16737,711
16738,709
16739,707
16740,707
16741,707
16742,707
16743,707
16744,707
16745,707
16746,707
16747,707
16748,707
16749,707
16750,722
16751,744
16752,774
16753,799
16754,817
16755,834
16756,842
16757,851
16758,858
16759,865
16760,870
16761,875
16762,878
16763,881
16764,882
16765,882
16766,882
16767,882
16768,882
16769,882
16770,882
16771,882
16772,882
16773,882
16774,882
16775,882
16776,880
16777,874
16778,866
16779,862
16780,858
16781,856
16782,854
16783,854
16784,854
16785,856
16786,856
16787,858
16788,859
16789,860
16790,860
16791,860
16792,860
16793,860
16794,859
16795,858
16796,856
16797,853
16798,850
16799,846
16800,840
16801,834
16802,828
16803,821
16804,806
16805,792
16806,779
16807,766
16808,753
16809,747
16810,741
16811,735
16812,729
16813,725
16814,722
16815,719
16816,717
16817,717
16818,717
16819,717
16820,717
16821,718
16822,726
16823,741
16824,759
16825,779
16826,801
16827,822
16828,844
16829,858
16830,871
16831,878
16832,886
16833,892
16834,898
16835,902
16836,907
16837,911
16838,913
16839,913
16840,913
16841,913
16842,913
16843,912
16844,896
16845,877
16846,857
16847,838
16848,816
16849,803
16850,796
16851,790
16852,785
16853,780
16854,779
16855,779
16856,783
16857,793
16858,806
16859,820
16860,833
16861,846
16862,860
16863,874
16864,886
16865,893
16866,897
16867,905
16868,910
16869,914
16870,917
16871,916
16872,915
16873,909
16874,897
16875,881
16876,861
16877,839
16878,818
16879,805
16880,791
16881,777
16882,769
16883,762
16884,755
16885,749
16886,743
16887,738
16888,734
16889,730
16890,728
16891,726
16892,726
16893,726
16894,726
16895,726
16896,735
16897,749
16898,769
16899,790
16900,812
16901,835
16902,848
16903,863
16904,877
16905,890
16906,898
16907,904
16908,908
16909,913
16910,916
16911,917
16912,911
16913,902
16914,884
16915,864
16916,842
16917,821
16918,806
16919,792
16920,785
16921,779
16922,774
16923,772
16924,772
16925,778
16926,789
16927,806
16928,828
16929,851
16930,867
16931,880
16932,887
16933,894
16934,900
16935,905
16936,906
16937,906
16938,906
16939,906
16940,906
16941,899
16942,872
16943,841
16944,815
16945,797
16946,770
16947,753
16948,746
16949,739
16950,739
16951,739
16952,739
16953,739
16954,747
16955,772
16956,796
16957,812
16958,820
16959,827
16960,832
16961,834
16962,835
16963,835
16964,833
16965,820
16966,793
16967,774
16968,755
16969,747
16970,740
16971,734
16972,729
16973,725
16974,725
16975,725
16976,729
16977,749
16978,784
16979,813
16980,833
16981,854
16982,863
16983,869
16984,873
16985,877
16986,878
16987,876
16988,878
16989,878
16990,878
16991,877
16992,869
16993,865
16994,864
16995,863
16996,864
16997,864
16998,864
16999,864
17000,863
17001,862
17002,856
17003,850
17004,833
17005,817
17006,802
17007,795
17008,787
17009,784
17010,781
17011,784
17012,802
17013,824
17014,841
17015,847
17016,852
17017,853
17018,853
17019,853
17020,853
17021,854
17022,857
17023,863
17024,870
17025,875
17026,875
17027,874
17028,863
17029,842
17030,826
17031,822
17032,820
17033,820
17034,820
17035,818
17036,812
17037,797
17038,791
17039,788
17040,788
17041,790
17042,790
17043,789
17044,786
17045,785
17046,784
17047,787
17048,799
17049,812
17050,826
17051,829
17052,830
17053,830
17054,830
17055,833
17056,838
17057,850
17058,860
17059,860
17060,854
17061,840
17062,827
17063,815
17064,810
17065,810
17066,810
17067,820
17068,826
17069,832
17070,833
17071,833
17072,833
17073,834
17074,836
17075,839
17076,839
17077,839
17078,835
17079,830
17080,817
17081,805
17082,799
17083,798
17084,803
17085,815
17086,828
17087,840
17088,845
17089,847
17090,844
17091,826
17092,817
17093,817
17094,821
17095,827
17096,841
17097,853
17098,857
17099,855
17100,849
17101,837
17102,828
17103,827
17104,828
17105,833
17106,836
17107,837
17108,837
17109,836
17110,833
17111,830
17112,829
17113,827
17114,821
17115,817
17116,816
17117,816
17118,820
17119,831
17120,837
17121,840
17122,840
17123,833
17124,818
17125,812
17126,805
17127,804
17128,815
17129,828
17130,841
17131,853
17132,853
17133,849
17134,835
17135,822
17136,819
17137,819
17138,821
17139,828
17140,840
17141,841
17142,841
17143,841
17144,837
17145,835
17146,834
17147,834
17148,834
17149,831
17150,829
17151,828
17152,828
17153,828
17154,829
17155,833
17156,835
17157,835
17158,835
17159,835
17160,830
17161,828
17162,827
17163,827
17164,827
17165,834
17166,840
17167,843
17168,843
17169,843
17170,839
17171,824
17172,818
17173,814
17174,812
17175,816
17176,837
17177,851
17178,863
17179,864
17180,860
17181,854
17182,840
17183,826
17184,818
17185,817
17186,817
17187,820
17188,823
17189,830
17190,839
17191,840
17192,840
17193,840
17194,839
17195,836
17196,834
17197,831
17198,830
17199,830
17200,830
17201,822
17202,814
17203,809
17204,810
17205,810
17206,814
17207,827
17208,845
17209,851
17210,854
17211,857
17212,852
17213,830
17214,809
17215,794
17216,792
17217,792
17218,795
17219,803
17220,817
17221,831
17222,843
17223,845
17224,842
17225,841
17226,838
17227,830
17228,817
17229,812
17230,812
17231,812
17232,812
17233,814
17234,818
17235,821
17236,821
17237,821
17238,821
17239,821
17240,824
17241,837
17242,843
17243,845
17244,847
17245,847
17246,847
17247,834
17248,810
17249,795
17250,788
17251,782
17252,778
17253,777
17254,782
17255,803
17256,826
17257,841
17258,856
17259,868
17260,871
17261,871
17262,869
17263,862
17264,855
17265,840
17266,825
17267,807
17268,804
17269,803
17270,803
17271,804
17272,808
17273,813
17274,820
17275,835
17276,845
17277,847
17278,849
17279,849
17280,848
17281,846
17282,841
17283,834
17284,821
17285,815
17286,814
17287,814
17288,814
17289,815
17290,816
17291,820
17292,826
17293,831
17294,835
17295,837
17296,837
17297,837
17298,837
17299,835
17300,832
17301,827
17302,822
17303,808
17304,796
17305,790
17306,790
17307,791
17308,795
17309,799
17310,807
17311,822
17312,838
17313,852
17314,868
17315,875
17316,878
17317,880
17318,878
17319,875
17320,868
17321,853
17322,839
17323,823
17324,801
17325,786
17326,772
17327,766
17328,763
17329,763
17330,766
17331,772
17332,786
17333,801
17334,817
17335,840
17336,854
17337,866
17338,870
17339,869
17340,866
17341,860
17342,845
17343,830
17344,815
17345,801
17346,792
17347,792
17348,793
17349,796
17350,799
17351,805
17352,812
17353,829
17354,843
17355,858
17356,869
17357,871
17358,871
17359,871
17360,870
17361,870
17362,869
17363,869
17364,866
17365,863
17366,859
17367,857
17368,855
17369,855
17370,855
17371,855
17372,848
17373,828
17374,812
17375,795
17376,789
17377,783
17378,778
17379,777
17380,776
17381,781
17382,799
17383,822
17384,845
17385,859
17386,873
17387,881
17388,888
17389,894
17390,900
17391,901
17392,900
17393,896
17394,883
17395,870
17396,848
17397,825
17398,811
17399,797
17400,792
17401,789
17402,789
17403,789
17404,793
17405,797
17406,801
17407,809
17408,823
17409,837
17410,852
17411,861
17412,865
17413,866
17414,866
17415,866
17416,866
17417,865
17418,864
17419,861
17420,858
17421,854
17422,848
17423,842
17424,836
17425,829
17426,816
17427,804
17428,797
17429,794
17430,791
17431,791
17432,791
17433,791
17434,791
17435,793
17436,794
17437,797
17438,800
17439,805
17440,812
17441,827
17442,841
17443,854
17444,863
17445,865
17446,868
17447,868
17448,868
17449,867
17450,865
17451,863
17452,861
17453,857
17454,852
17455,846
17456,839
17457,828
17458,814
17459,802
17460,796
17461,794
17462,793
17463,793
17464,793
17465,793
17466,791
17467,792
17468,793
17469,796
17470,798
17471,803
17472,808
17473,814
17474,825
17475,831
17476,832
17477,832
17478,832
17479,832
17480,834
17481,834
17482,835
17483,846
17484,859
17485,866
17486,873
17487,881
17488,885
17489,891
17490,894
17491,897
17492,898
17493,900
17494,900
17495,898
17496,898
17497,896
17498,881
17499,858
17500,834
17501,818
17502,801
17503,793
17504,788
17505,782
17506,776
17507,773
17508,769
17509,769
17510,770
17511,780
17512,799
17513,822
17514,837
17515,853
17516,869
17517,883
17518,890
17519,896
17520,902
17521,907
17522,911
17523,912
17524,912
17525,908
17526,894
17527,873
17528,851
17529,827
17530,812
17531,797
17532,788
17533,782
17534,776
17535,771
17536,770
17537,769
17538,768
17539,769
17540,769
17541,769
17542,770
17543,787
17544,813
17545,837
17546,860
17547,876
17548,883
17549,890
17550,895
17551,900
17552,903
17553,905
17554,905
17555,905
17556,905
17557,905
17558,903
17559,885
17560,866
17561,849
17562,834
17563,827
17564,819
17565,813
17566,807
17567,804
17568,800
17569,799
17570,799
17571,799
17572,801
17573,816
17574,829
17575,845
17576,859
17577,876
17578,890
17579,905
17580,919
17581,926
17582,933
17583,941
17584,947
17585,951
17586,956
17587,960
17588,964
17589,965
17590,966
17591,967
17592,967
17593,966
17594,965
17595,962
17596,955
17597,945
17598,929
17599,911
17600,897
17601,877
17602,857
17603,837
17604,824
17605,812
17606,799
17607,787
17608,782
17609,780
17610,777
17611,775
17612,774
17613,774
17614,774
17615,774
17616,775
17617,775
17618,776
17619,777
17620,779
17621,780
17622,780
17623,780
17624,780
17625,780
17626,780
17627,780
17628,778
17629,778
17630,778
17631,779
17632,779
17633,779
17634,779
17635,779
17636,779
17637,778
17638,777
17639,773
17640,769
17641,765
17642,761
17643,759
17644,756
17645,755
17646,754
17647,754
17648,754
17649,754
17650,754
17651,754
17652,754
17653,754
17654,754
17655,754
17656,754
17657,756
17658,756
17659,756
17660,756
17661,757
17662,769
17663,791
17664,810
17665,829
17666,849
17667,863
17668,876
17669,883
17670,889
17671,895
17672,901
17673,905
17674,908
17675,909
17676,909
17677,909
17678,909
17679,909
17680,909
17681,909
17682,909
17683,909
17684,909
17685,909
17686,908
17687,903
17688,894
17689,884
17690,875
17691,864
17692,859
17693,853
17694,848
17695,842
17696,837
17697,833
17698,828
17699,823
17700,819
17701,817
17702,816
17703,815
17704,812
17705,811
17706,811
17707,811
17708,811
17709,811
17710,811
17711,811
17712,811
17713,811
17714,811
17715,811
17716,811
17717,811
17718,811
17719,811
17720,811
17721,811
17722,819
17723,837
17724,858
17725,872
17726,887
17727,900
17728,914
17729,926
17730,932
17731,938
17732,943
17733,949
17734,955
17735,959
17736,962
17737,965
17738,966
17739,966
17740,967
17741,967
17742,967
17743,967
17744,967
17745,967
17746,967
17747,967
17748,967
17749,967
17750,967
17751,967
17752,967
17753,967
17754,967
17755,967
17756,967
17757,967
17758,967
17759,967
17760,967
17761,967
17762,967
17763,967
17764,964
17765,957
17766,948
17767,936
17768,920
17769,903
17770,885
17771,865
17772,847
17773,834
17774,822
17775,808
17776,800
17777,794
17778,788
17779,784
17780,778
17781,773
17782,767
17783,762
17784,757
17785,754
17786,750
17787,749
17788,745
17789,743
17790,740
17791,738
17792,737
17793,734
17794,733
17795,731
17796,730
17797,728
17798,727
17799,725
17800,724
17801,722
17802,721
17803,720
17804,719
17805,718
17806,715
17807,715
17808,714
17809,713
17810,713
17811,712
17812,711
17813,711
17814,709
17815,708
17816,707
17817,707
17818,706
17819,705
17820,705
17821,703
17822,702
17823,702
17824,701
17825,700
17826,699
17827,699
17828,699
17829,699
17830,699
17831,699
17832,699
17833,699
17834,699
17835,699
17836,699
17837,699
17838,699
17839,697
17840,697
17841,697
17842,697
17843,697
17844,697
17845,697
17846,697
17847,697
17848,697
17849,697
17850,698
17851,699
17852,705
17853,709
17854,714
17855,720
17856,730
17857,744
17858,764
17859,788
17860,805
17861,826
17862,839
17863,853
17864,859
17865,867
17866,872
17867,874
17868,876
17869,873
17870,873
17871,873
17872,873
17873,873
17874,873
17875,873
17876,873
17877,875
17878,875
17879,875
17880,876
17881,878
17882,881
17883,884
17884,890
17885,897
17886,903
17887,908
17888,913
17889,918
17890,922
17891,927
17892,931
17893,936
17894,939
17895,943
17896,947
17897,949
17898,951
17899,953
17900,954
17901,954
17902,953
17903,945
17904,934
17905,913
17906,895
17907,867
17908,853
17909,847
17910,842
17911,839
17912,839
17913,839
17914,839
17915,839
17916,839
17917,839
17918,839
17919,838
17920,836
17921,830
17922,825
17923,820
17924,820
17925,824
17926,837
17927,849
17928,864
17929,871
17930,875
17931,878
17932,883
17933,883
17934,883
17935,884
17936,884
17937,882
17938,883
17939,888
17940,893
17941,900
17942,910
17943,916
17944,919
17945,919
17946,916
17947,910
17948,895
17949,873
17950,853
17951,838
17952,832
17953,830
17954,831
17955,838
17956,849
17957,861
17958,867
17959,870
17960,870
17961,870
17962,870
17963,870
17964,870
17965,873
17966,875
17967,880
17968,886
17969,889
17970,892
17971,892
17972,893
17973,892
17974,887
17975,881
17976,867
17977,854
17978,839
17979,826
17980,819
17981,814
17982,813
17983,813
17984,813
17985,820
17986,837
17987,839
17988,838
17989,834
17990,829
17991,823
17992,808
17993,802
17994,799
17995,799
17996,803
17997,817
17998,837
17999,851
18000,858
18001,862
18002,863
18003,862
18004,850
18005,837
18006,830
18007,826
18008,825
18009,825
18010,838
18011,852
18012,866
18013,873
18014,875
18015,876
18016,874
18017,864
18018,843
18019,829
18020,822
18021,818
18022,819
18023,831
18024,846
18025,860
18026,867
18027,872
18028,876
18029,877
18030,876
18031,861
18032,840
18033,826
18034,824
18035,825
18036,831
18037,846
18038,860
18039,873
18040,880
18041,884
18042,884
18043,874
18044,854
18045,842
18046,827
18047,821
18048,819
18049,818
18050,818
18051,827
18052,842
18053,849
18054,854
18055,855
18056,846
18057,832
18058,817
18059,812
18060,806
18061,802
18062,802
18063,808
18064,829
18065,842
18066,856
18067,861
18068,858
18069,854
18070,839
18071,825
18072,812
18073,806
18074,800
18075,796
18076,797
18077,805
18078,825
18079,839
18080,853
18081,860
18082,865
18083,869
18084,867
18085,854
18086,839
18087,828
18088,822
18089,818
18090,816
18091,824
18092,838
18093,858
18094,873
18095,880
18096,886
18097,888
18098,890
18099,882
18100,861
18101,846
18102,833
18103,830
18104,831
18105,837
18106,850
18107,864
18108,879
18109,886
18110,891
18111,894
18112,892
18113,880
18114,858
18115,844
18116,831
18117,827
18118,827
18119,832
18120,838
18121,851
18122,866
18123,880
18124,884
18125,885
18126,882
18127,878
18128,872
18129,857
18130,844
18131,830
18132,824
18133,820
18134,820
18135,825
18136,831
18137,844
18138,857
18139,870
18140,879
18141,880
18142,880
18143,878
18144,874
18145,868
18146,855
18147,840
18148,830
18149,826
18150,826
18151,826
18152,827
18153,831
18154,836
18155,840
18156,850
18157,851
18158,851
18159,851
18160,851
18161,851
18162,851
18163,852
18164,855
18165,856
18166,856
18167,856
18168,856
18169,856
18170,846
18171,832
18172,826
18173,822
18174,821
18175,821
18176,825
18177,844
18178,858
18179,873
18180,880
18181,886
18182,889
18183,893
18184,893
18185,883
18186,862
18187,840
18188,826
18189,817
18190,816
18191,816
18192,817
18193,820
18194,823
18195,829
18196,842
18197,851
18198,852
18199,852
18200,852
18201,852
18202,852
18203,853
18204,854
18205,856
18206,857
18207,856
18208,856
18209,856
18210,856
18211,855
18212,847
18213,841
18214,836
18215,833
18216,832
18217,832
18218,831
18219,831
18220,831
18221,841
18222,856
18223,871
18224,879
18225,886
18226,892
18227,897
18228,901
18229,904
18230,905
18231,905
18232,903
18233,885
18234,863
18235,849
18236,834
18237,820
18238,805
18239,796
18240,793
18241,793
18242,795
18243,796
18244,799
18245,803
18246,808
18247,814
18248,829
18249,843
18250,857
18251,871
18252,883
18253,887
18254,891
18255,892
18256,891
18257,888
18258,886
18259,881
18260,874
18261,861
18262,846
18263,833
18264,819
18265,807
18266,801
18267,799
18268,801
18269,798
18270,801
18271,805
18272,809
18273,814
18274,821
18275,833
18276,847
18277,858
18278,863
18279,863
18280,863
18281,863
18282,864
18283,863
18284,862
18285,861
18286,858
18287,855
18288,850
18289,845
18290,838
18291,832
18292,819
18293,807
18294,797
18295,794
18296,790
18297,789
18298,790
18299,790
18300,790
18301,791
18302,792
18303,793
18304,794
18305,796
18306,802
18307,807
18308,811
18309,817
18310,823
18311,829
18312,835
18313,841
18314,847
18315,852
18316,857
18317,859
18318,862
18319,863
18320,863
18321,863
18322,863
18323,863
18324,863
18325,863
18326,863
18327,863
18328,863
18329,864
18330,870
18331,882
18332,896
18333,908
18334,922
18335,928
18336,933
18337,939
18338,943
18339,947
18340,952
18341,955
18342,959
18343,963
18344,965
18345,969
18346,971
18347,973
18348,976
18349,977
18350,980
18351,981
18352,981
18353,982
18354,982
18355,982
18356,982
18357,982
18358,982
18359,981
18360,980
18361,980
18362,978
18363,977
18364,976
18365,975
18366,975
18367,975
18368,975
18369,975
18370,975
18371,975
18372,975
18373,975
18374,975
18375,975
18376,975
18377,975
18378,975
18379,975
18380,975
18381,975
18382,975
18383,975
18384,975
18385,975
18386,975
18387,976
18388,976
18389,976
18390,976
18391,976
18392,976
18393,976
18394,976
18395,976
18396,976
18397,976
18398,976
18399,975
18400,973
18401,969
18402,964
18403,956
18404,947
18405,941
18406,934
18407,926
18408,918
18409,911
18410,904
18411,896
18412,890
18413,883
18414,877
18415,870
18416,861
18417,854
18418,849
18419,846
18420,842
18421,839
18422,835
18423,832
18424,828
18425,824
18426,822
18427,818
18428,815
18429,811
18430,809
18431,808
18432,806
18433,805
18434,805
18435,805
18436,805
18437,805
18438,805
18439,805
18440,805
18441,805
18442,805
18443,805
18444,805
18445,805
18446,805
18447,806
18448,806
18449,806
18450,806
18451,806
18452,806
18453,806
18454,806
18455,806
18456,806
18457,806
18458,806
18459,806
18460,806
18461,805
18462,805
18463,804
18464,804
18465,804
18466,804
18467,805
18468,806
18469,808
18470,811
18471,814
18472,816
18473,820
18474,823
18475,827
18476,828
18477,832
18478,835
18479,841
18480,845
18481,846
18482,851
18483,855
18484,859
18485,863
18486,868
18487,871
18488,876
18489,880
18490,882
18491,886
18492,890
18493,891
18494,893
18495,897
18496,900
18497,902
18498,903
18499,904
18500,906
18501,907
18502,910
18503,911
18504,913
18505,916
18506,917
18507,919
18508,920
18509,922
18510,923
18511,925
18512,926
18513,928
18514,929
18515,930
18516,932
18517,934
18518,935
18519,936
18520,937
18521,937
18522,937
18523,937
18524,937
18525,937
18526,937
18527,937
18528,937
18529,937
18530,937
18531,937
18532,937
18533,937
18534,936
18535,935
18536,934
18537,931
18538,929
18539,925
18540,919
18541,916
18542,910
18543,906
18544,904
18545,901
18546,899
18547,892
18548,881
18549,868
18550,858
18551,849
18552,839
18553,827
18554,815
18555,804
18556,798
18557,793
18558,788
18559,784
18560,780
18561,776
18562,774
18563,770
18564,769
18565,767
18566,766
18567,765
18568,765
18569,765
18570,765
18571,765
18572,765
18573,765
18574,765
18575,765
18576,765
18577,765
18578,762
18579,762
18580,763
18581,771
18582,786
18583,804
18584,824
18585,843
18586,865
18587,882
18588,897
18589,914
18590,923
18591,931
18592,938
18593,947
18594,954
18595,961
18596,967
18597,972
18598,975
18599,977
18600,977
18601,977
18602,977
18603,977
18604,978
18605,978
18606,978
18607,978
18608,978
18609,978
18610,978
18611,978
18612,974
18613,961
18614,941
18615,918
18616,897
18617,875
18618,849
18619,833
18620,816
18621,798
18622,791
18623,782
18624,775
18625,768
18626,762
18627,756
18628,752
18629,749
18630,746
18631,744
18632,742
18633,739
18634,738
18635,737
18636,736
18637,736
18638,736
18639,736
18640,736
18641,736
18642,736
18643,734
18644,734
18645,734
18646,734
18647,734
18648,736
18649,736
18650,736
18651,745
18652,763
18653,786
18654,805
18655,827
18656,849
18657,867
18658,883
18659,890
18660,899
18661,906
18662,912
18663,916
18664,922
18665,928
18666,933
18667,936
18668,939
18669,940
18670,940
18671,940
18672,940
18673,940
18674,940
18675,942
18676,942
18677,942
18678,942
18679,942
18680,942
18681,942
18682,942
18683,942
18684,942
18685,941
18686,936
18687,927
18688,915
18689,906
18690,896
18691,885
18692,873
18693,867
18694,861
18695,854
18696,847
18697,841
18698,834
18699,828
18700,822
18701,816
18702,810
18703,805
18704,801
18705,797
18706,793
18707,791
18708,789
18709,787
18710,787
18711,787
18712,787
18713,787
18714,787
18715,787
18716,787
18717,787
18718,787
18719,787
18720,787
18721,787
18722,787
18723,787
18724,787
18725,787
18726,787
18727,788
18728,793
18729,803
18730,817
18731,833
18732,851
18733,870
18734,883
18735,896
18736,909
18737,923
18738,929
18739,935
18740,941
18741,947
18742,953
18743,959
18744,964
18745,968
18746,974
18747,979
18748,983
18749,988
18750,991
18751,995
18752,997
18753,1002
18754,1005
18755,1009
18756,1012
18757,1014
18758,1018
18759,1019
18760,1021
18761,1021
18762,1021
18763,1021
18764,1021
18765,1021
18766,1018
18767,1018
18768,1018
18769,1018
18770,1018
18771,1018
18772,1021
18773,1021
18774,1021
18775,1021
18776,1021
18777,1021
18778,1021
18779,1021
18780,1012
18781,994
18782,970
18783,948
18784,925
18785,902
18786,877
18787,860
18788,845
18789,829
18790,815
18791,800
18792,794
18793,787
18794,781
18795,775
18796,769
18797,762
18798,759
18799,755
18800,755
18801,752
18802,752
18803,752
18804,752
18805,752
18806,752
18807,752
18808,752
18809,752
18810,752
18811,752
18812,752
18813,752
18814,751
18815,750
18816,748
18817,746
18818,745
18819,746
18820,750
18821,762
18822,783
18823,809
18824,829
18825,843
18826,848
18827,852
18828,853
18829,853
18830,853
18831,853
18832,855
18833,860
18834,866
18835,882
18836,897
18837,911
18838,916
18839,921
18840,923
18841,923
18842,923
18843,923
18844,923
18845,923
18846,927
18847,932
18848,940
18849,944
18850,949
18851,954
18852,954
18853,954
18854,953
18855,944
18856,927
18857,917
18858,913
18859,912
18860,912
18861,912
18862,912
18863,909
18864,905
18865,893
18866,879
18867,869
18868,863
18869,859
18870,858
18871,858
18872,865
18873,884
18874,890
18875,894
18876,895
18877,888
18878,877
18879,863
18880,857
18881,853
18882,853
18883,853
18884,853
18885,853
18886,856
18887,858
18888,859
18889,859
18890,859
18891,859
18892,858
18893,857
18894,854
18895,854
18896,854
18897,854
18898,857
18899,857
18900,857
18901,857
18902,857
18903,857
18904,857
18905,859
18906,864
18907,867
18908,871
18909,872
18910,872
18911,869
18912,848
18913,829
18914,829
18915,829
18916,826
18917,823
18918,822
18919,820
18920,812
18921,806
18922,795
18923,783
18924,781
18925,767
18926,750
18927,738
18928,733
18929,732
18930,729
18931,727
18932,725
18933,721
18934,717
18935,710
18936,692
18937,669
18938,649
18939,634
18940,620
18941,616
18942,614
18943,613
18944,613
18945,613
18946,613
18947,611
18948,609
18949,604
18950,595
18951,588
18952,577
18953,570
18954,563
18955,560
18956,558
18957,556
18958,556
18959,556
18960,556
18961,556
18962,556
18963,558
18964,556
18965,555
18966,548
18967,538
18968,520
18969,507
18970,496
18971,490
18972,487
18973,484
18974,482
18975,482
18976,482
18977,483
18978,485
18979,485
18980,485
18981,483
18982,481
18983,473
18984,463
18985,452
18986,441
18987,435
18988,426
18989,420
18990,418
18991,416
18992,414
18993,418
18994,419
18995,421
18996,424
18997,426
18998,428
18999,429
19000,429
19001,426
19002,423
19003,415
19004,408
19005,405
19006,402
19007,401
19008,402
19009,404
19010,403
19011,400
19012,402
19013,400
19014,402
19015,403
19016,403
19017,401
19018,400
19019,401
19020,400
19021,400
19022,403
19023,404
19024,404
19025,403
19026,404
19027,401
19028,401
19029,401
19030,402
19031,403
19032,402
19033,400
19034,404
19035,403
19036,403
19037,404
19038,402
19039,402
19040,404
19041,404
19042,403
19043,401
19044,402
19045,402
19046,400
19047,404
19048,401
19049,400
19050,400
19051,401
19052,400
19053,400
19054,402
19055,401
19056,400
19057,402
19058,401
19059,401
19060,402
19061,402
19062,400
19063,400
19064,402
19065,403
19066,402
19067,403
19068,403
19069,401
19070,402
19071,401
19072,400
19073,400
19074,402
19075,401
19076,401
19077,403
19078,404
19079,401
19080,402
19081,404
19082,400
19083,403
19084,403
19085,403
19086,400
19087,403
19088,402
19089,404
19090,403
19091,401
19092,400
19093,400
19094,403
19095,404
19096,403
19097,403
19098,400
19099,404
19100,404
19101,403
19102,404
19103,400
19104,402
19105,401
19106,403
19107,402
19108,402
19109,400
19110,403
19111,400
19112,401
19113,401
19114,400
19115,404
19116,402
19117,400
19118,400
19119,404
19120,401
19121,403
19122,401
19123,403
19124,400
19125,403
19126,400
19127,402
19128,400
19129,401
19130,402
19131,403
19132,403
19133,403
19134,403
19135,403
19136,403
19137,403
19138,403
19139,404
19140,406
19141,408
19142,409
19143,412
19144,422
19145,437
19146,447
19147,458
19148,478
19149,489
19150,514
19151,561
19152,602
19153,665
19154,723
19155,896
19156,1320
19157,1622
19158,1820
19159,1913
19160,1992
19161,2000
19162,2000
19163,2000
19164,2000
19165,2000
19166,2000
19167,2000
19168,2000
19169,2000
19170,2000
19171,2000
19172,2000
19173,2000
19174,2000
